Date,Total Quantity Sold,Total Sales,No. of Products,Products
2023-07-18,65,1081.35,2,"[{'Product Code': 'GTW', 'Quantity Sold': 21, 'Total Sales': 377.79}, {'Product Code': 'RP', 'Quantity Sold': 44, 'Total Sales': 703.56}]"
2023-07-17,58,983.4200000000001,3,"[{'Product Code': 'EB', 'Quantity Sold': 28, 'Total Sales': 559.72}, {'Product Code': 'EC', 'Quantity Sold': 13, 'Total Sales': 168.87}, {'Product Code': 'SP', 'Quantity Sold': 17, 'Total Sales': 254.83}]"
2023-07-16,64,963.3599999999999,2,"[{'Product Code': 'RP', 'Quantity Sold': 44, 'Total Sales': 703.56}, {'Product Code': 'EC', 'Quantity Sold': 20, 'Total Sales': 259.8}]"
2023-07-15,113,1811.87,4,"[{'Product Code': 'RP', 'Quantity Sold': 6, 'Total Sales': 95.94}, {'Product Code': 'EC', 'Quantity Sold': 19, 'Total Sales': 246.81}, {'Product Code': 'SP', 'Quantity Sold': 38, 'Total Sales': 569.62}, {'Product Code': 'GTW', 'Quantity Sold': 50, 'Total Sales': 899.5}]"
2023-07-14,85,1422.1499999999999,4,"[{'Product Code': 'RP', 'Quantity Sold': 20, 'Total Sales': 319.8}, {'Product Code': 'EB', 'Quantity Sold': 4, 'Total Sales': 79.96}, {'Product Code': 'GTW', 'Quantity Sold': 46, 'Total Sales': 827.54}, {'Product Code': 'EC', 'Quantity Sold': 15, 'Total Sales': 194.85}]"
2023-07-13,20,399.8,1,"[{'Product Code': 'EB', 'Quantity Sold': 20, 'Total Sales': 399.8}]"
2023-07-12,110,1743.9,4,"[{'Product Code': 'RP', 'Quantity Sold': 5, 'Total Sales': 79.95}, {'Product Code': 'EC', 'Quantity Sold': 40, 'Total Sales': 519.6}, {'Product Code': 'SP', 'Quantity Sold': 31, 'Total Sales': 464.69}, {'Product Code': 'EB', 'Quantity Sold': 34, 'Total Sales': 679.66}]"
2023-07-11,2,29.98,1,"[{'Product Code': 'SP', 'Quantity Sold': 2, 'Total Sales': 29.98}]"
2023-07-10,78,1295.22,3,"[{'Product Code': 'GTW', 'Quantity Sold': 33, 'Total Sales': 593.67}, {'Product Code': 'RP', 'Quantity Sold': 27, 'Total Sales': 431.73}, {'Product Code': 'SP', 'Quantity Sold': 18, 'Total Sales': 269.82}]"
2023-07-09,110,1788.9,4,"[{'Product Code': 'EC', 'Quantity Sold': 17, 'Total Sales': 220.83}, {'Product Code': 'SP', 'Quantity Sold': 43, 'Total Sales': 644.57}, {'Product Code': 'EB', 'Quantity Sold': 12, 'Total Sales': 239.88}, {'Product Code': 'GTW', 'Quantity Sold': 38, 'Total Sales': 683.62}]"
2023-07-08,111,1814.89,3,"[{'Product Code': 'EB', 'Quantity Sold': 39, 'Total Sales': 779.61}, {'Product Code': 'SP', 'Quantity Sold': 50, 'Total Sales': 749.5}, {'Product Code': 'EC', 'Quantity Sold': 22, 'Total Sales': 285.78}]"
2023-07-07,71,1327.29,2,"[{'Product Code': 'EB', 'Quantity Sold': 48, 'Total Sales': 959.52}, {'Product Code': 'RP', 'Quantity Sold': 23, 'Total Sales': 367.77}]"
2023-07-06,101,1795.99,4,"[{'Product Code': 'RP', 'Quantity Sold': 29, 'Total Sales': 463.71}, {'Product Code': 'EC', 'Quantity Sold': 9, 'Total Sales': 116.91}, {'Product Code': 'EB', 'Quantity Sold': 41, 'Total Sales': 819.59}, {'Product Code': 'GTW', 'Quantity Sold': 22, 'Total Sales': 395.78}]"
2023-07-05,84,1501.1599999999999,4,"[{'Product Code': 'GTW', 'Quantity Sold': 12, 'Total Sales': 215.88}, {'Product Code': 'EB', 'Quantity Sold': 35, 'Total Sales': 699.65}, {'Product Code': 'RP', 'Quantity Sold': 35, 'Total Sales': 559.65}, {'Product Code': 'EC', 'Quantity Sold': 2, 'Total Sales': 25.98}]"
2023-07-04,52,923.48,2,"[{'Product Code': 'RP', 'Quantity Sold': 29, 'Total Sales': 463.71}, {'Product Code': 'EB', 'Quantity Sold': 23, 'Total Sales': 459.77}]"
2023-07-03,79,1201.21,5,"[{'Product Code': 'EC', 'Quantity Sold': 27, 'Total Sales': 350.73}, {'Product Code': 'SP', 'Quantity Sold': 25, 'Total Sales': 374.75}, {'Product Code': 'GTW', 'Quantity Sold': 8, 'Total Sales': 143.92}, {'Product Code': 'EB', 'Quantity Sold': 7, 'Total Sales': 139.93}, {'Product Code': 'RP', 'Quantity Sold': 12, 'Total Sales': 191.88}]"
2023-07-02,37,581.63,2,"[{'Product Code': 'SP', 'Quantity Sold': 10, 'Total Sales': 149.9}, {'Product Code': 'RP', 'Quantity Sold': 27, 'Total Sales': 431.73}]"
2023-07-01,62,1026.3799999999999,4,"[{'Product Code': 'SP', 'Quantity Sold': 23, 'Total Sales': 344.77}, {'Product Code': 'EB', 'Quantity Sold': 4, 'Total Sales': 79.96}, {'Product Code': 'RP', 'Quantity Sold': 14, 'Total Sales': 223.86}, {'Product Code': 'GTW', 'Quantity Sold': 21, 'Total Sales': 377.79}]"
2023-06-30,67,1086.33,3,"[{'Product Code': 'RP', 'Quantity Sold': 43, 'Total Sales': 687.57}, {'Product Code': 'SP', 'Quantity Sold': 11, 'Total Sales': 164.89}, {'Product Code': 'GTW', 'Quantity Sold': 13, 'Total Sales': 233.87}]"
2023-06-29,36,575.64,1,"[{'Product Code': 'RP', 'Quantity Sold': 36, 'Total Sales': 575.64}]"
2023-06-28,83,1436.1699999999998,5,"[{'Product Code': 'EB', 'Quantity Sold': 32, 'Total Sales': 639.68}, {'Product Code': 'RP', 'Quantity Sold': 9, 'Total Sales': 143.91}, {'Product Code': 'EC', 'Quantity Sold': 17, 'Total Sales': 220.83}, {'Product Code': 'SP', 'Quantity Sold': 6, 'Total Sales': 89.94}, {'Product Code': 'GTW', 'Quantity Sold': 19, 'Total Sales': 341.81}]"
2023-06-27,133,2379.67,4,"[{'Product Code': 'GTW', 'Quantity Sold': 48, 'Total Sales': 863.52}, {'Product Code': 'RP', 'Quantity Sold': 2, 'Total Sales': 31.98}, {'Product Code': 'EB', 'Quantity Sold': 48, 'Total Sales': 959.52}, {'Product Code': 'SP', 'Quantity Sold': 35, 'Total Sales': 524.65}]"
2023-06-26,87,1427.13,3,"[{'Product Code': 'EB', 'Quantity Sold': 31, 'Total Sales': 619.69}, {'Product Code': 'EC', 'Quantity Sold': 16, 'Total Sales': 207.84}, {'Product Code': 'SP', 'Quantity Sold': 40, 'Total Sales': 599.6}]"
2023-06-25,42,671.58,1,"[{'Product Code': 'RP', 'Quantity Sold': 42, 'Total Sales': 671.58}]"
2023-06-24,83,1446.17,3,"[{'Product Code': 'EB', 'Quantity Sold': 35, 'Total Sales': 699.65}, {'Product Code': 'GTW', 'Quantity Sold': 9, 'Total Sales': 161.91}, {'Product Code': 'SP', 'Quantity Sold': 39, 'Total Sales': 584.61}]"
2023-06-23,40,668.6,2,"[{'Product Code': 'GTW', 'Quantity Sold': 23, 'Total Sales': 413.77}, {'Product Code': 'SP', 'Quantity Sold': 17, 'Total Sales': 254.83}]"
2023-06-22,61,912.39,2,"[{'Product Code': 'EC', 'Quantity Sold': 37, 'Total Sales': 480.63}, {'Product Code': 'GTW', 'Quantity Sold': 24, 'Total Sales': 431.76}]"
2023-06-21,30,397.7,2,"[{'Product Code': 'SP', 'Quantity Sold': 4, 'Total Sales': 59.96}, {'Product Code': 'EC', 'Quantity Sold': 26, 'Total Sales': 337.74}]"
2023-06-20,13,202.87,2,"[{'Product Code': 'SP', 'Quantity Sold': 5, 'Total Sales': 74.95}, {'Product Code': 'RP', 'Quantity Sold': 8, 'Total Sales': 127.92}]"
2023-06-19,142,2500.58,5,"[{'Product Code': 'SP', 'Quantity Sold': 25, 'Total Sales': 374.75}, {'Product Code': 'EC', 'Quantity Sold': 3, 'Total Sales': 38.97}, {'Product Code': 'GTW', 'Quantity Sold': 38, 'Total Sales': 683.62}, {'Product Code': 'EB', 'Quantity Sold': 47, 'Total Sales': 939.53}, {'Product Code': 'RP', 'Quantity Sold': 29, 'Total Sales': 463.71}]"
2023-06-18,8,127.92,1,"[{'Product Code': 'RP', 'Quantity Sold': 8, 'Total Sales': 127.92}]"
2023-06-17,88,1500.12,4,"[{'Product Code': 'GTW', 'Quantity Sold': 7, 'Total Sales': 125.93}, {'Product Code': 'SP', 'Quantity Sold': 37, 'Total Sales': 554.63}, {'Product Code': 'RP', 'Quantity Sold': 15, 'Total Sales': 239.85}, {'Product Code': 'EB', 'Quantity Sold': 29, 'Total Sales': 579.71}]"
2023-06-16,96,1635.04,3,"[{'Product Code': 'EC', 'Quantity Sold': 12, 'Total Sales': 155.88}, {'Product Code': 'RP', 'Quantity Sold': 50, 'Total Sales': 799.5}, {'Product Code': 'EB', 'Quantity Sold': 34, 'Total Sales': 679.66}]"
2023-06-15,99,1662.0100000000002,4,"[{'Product Code': 'RP', 'Quantity Sold': 14, 'Total Sales': 223.86}, {'Product Code': 'EB', 'Quantity Sold': 42, 'Total Sales': 839.58}, {'Product Code': 'GTW', 'Quantity Sold': 8, 'Total Sales': 143.92}, {'Product Code': 'EC', 'Quantity Sold': 35, 'Total Sales': 454.65}]"
2023-06-14,14,209.86,1,"[{'Product Code': 'SP', 'Quantity Sold': 14, 'Total Sales': 209.86}]"
2023-06-13,80,1294.2,4,"[{'Product Code': 'RP', 'Quantity Sold': 40, 'Total Sales': 639.6}, {'Product Code': 'SP', 'Quantity Sold': 23, 'Total Sales': 344.77}, {'Product Code': 'GTW', 'Quantity Sold': 15, 'Total Sales': 269.85}, {'Product Code': 'EB', 'Quantity Sold': 2, 'Total Sales': 39.98}]"
2023-06-12,104,1709.96,3,"[{'Product Code': 'EB', 'Quantity Sold': 43, 'Total Sales': 859.57}, {'Product Code': 'EC', 'Quantity Sold': 32, 'Total Sales': 415.68}, {'Product Code': 'SP', 'Quantity Sold': 29, 'Total Sales': 434.71}]"
2023-06-11,83,1545.17,3,"[{'Product Code': 'GTW', 'Quantity Sold': 22, 'Total Sales': 395.78}, {'Product Code': 'EB', 'Quantity Sold': 47, 'Total Sales': 939.53}, {'Product Code': 'SP', 'Quantity Sold': 14, 'Total Sales': 209.86}]"
2023-06-10,32,479.68,1,"[{'Product Code': 'SP', 'Quantity Sold': 32, 'Total Sales': 479.68}]"
2023-06-09,47,610.53,1,"[{'Product Code': 'EC', 'Quantity Sold': 47, 'Total Sales': 610.53}]"
2023-06-08,98,1750.02,4,"[{'Product Code': 'GTW', 'Quantity Sold': 24, 'Total Sales': 431.76}, {'Product Code': 'SP', 'Quantity Sold': 7, 'Total Sales': 104.93}, {'Product Code': 'EB', 'Quantity Sold': 49, 'Total Sales': 979.51}, {'Product Code': 'EC', 'Quantity Sold': 18, 'Total Sales': 233.82}]"
2023-06-07,141,2282.5899999999997,5,"[{'Product Code': 'GTW', 'Quantity Sold': 45, 'Total Sales': 809.55}, {'Product Code': 'EB', 'Quantity Sold': 20, 'Total Sales': 399.8}, {'Product Code': 'EC', 'Quantity Sold': 42, 'Total Sales': 545.58}, {'Product Code': 'SP', 'Quantity Sold': 16, 'Total Sales': 239.84}, {'Product Code': 'RP', 'Quantity Sold': 18, 'Total Sales': 287.82}]"
2023-06-06,63,1151.3700000000001,3,"[{'Product Code': 'GTW', 'Quantity Sold': 29, 'Total Sales': 521.71}, {'Product Code': 'EB', 'Quantity Sold': 24, 'Total Sales': 479.76}, {'Product Code': 'SP', 'Quantity Sold': 10, 'Total Sales': 149.9}]"
2023-06-05,160,2631.4000000000005,5,"[{'Product Code': 'EC', 'Quantity Sold': 29, 'Total Sales': 376.71}, {'Product Code': 'GTW', 'Quantity Sold': 14, 'Total Sales': 251.86}, {'Product Code': 'EB', 'Quantity Sold': 40, 'Total Sales': 799.6}, {'Product Code': 'RP', 'Quantity Sold': 49, 'Total Sales': 783.51}, {'Product Code': 'SP', 'Quantity Sold': 28, 'Total Sales': 419.72}]"
2023-06-04,124,2119.76,4,"[{'Product Code': 'EB', 'Quantity Sold': 50, 'Total Sales': 999.5}, {'Product Code': 'EC', 'Quantity Sold': 33, 'Total Sales': 428.67}, {'Product Code': 'RP', 'Quantity Sold': 23, 'Total Sales': 367.77}, {'Product Code': 'GTW', 'Quantity Sold': 18, 'Total Sales': 323.82}]"
2023-06-03,106,1887.94,4,"[{'Product Code': 'GTW', 'Quantity Sold': 36, 'Total Sales': 647.64}, {'Product Code': 'EB', 'Quantity Sold': 38, 'Total Sales': 759.62}, {'Product Code': 'RP', 'Quantity Sold': 1, 'Total Sales': 15.99}, {'Product Code': 'SP', 'Quantity Sold': 31, 'Total Sales': 464.69}]"
2023-06-02,73,1323.27,3,"[{'Product Code': 'SP', 'Quantity Sold': 16, 'Total Sales': 239.84}, {'Product Code': 'EB', 'Quantity Sold': 49, 'Total Sales': 979.51}, {'Product Code': 'EC', 'Quantity Sold': 8, 'Total Sales': 103.92}]"
2023-06-01,34,611.66,1,"[{'Product Code': 'GTW', 'Quantity Sold': 34, 'Total Sales': 611.66}]"
2023-05-31,86,1428.1399999999999,4,"[{'Product Code': 'EC', 'Quantity Sold': 1, 'Total Sales': 12.99}, {'Product Code': 'SP', 'Quantity Sold': 24, 'Total Sales': 359.76}, {'Product Code': 'GTW', 'Quantity Sold': 40, 'Total Sales': 719.6}, {'Product Code': 'RP', 'Quantity Sold': 21, 'Total Sales': 335.79}]"
2023-05-30,145,2317.5499999999997,5,"[{'Product Code': 'EC', 'Quantity Sold': 37, 'Total Sales': 480.63}, {'Product Code': 'SP', 'Quantity Sold': 42, 'Total Sales': 629.58}, {'Product Code': 'EB', 'Quantity Sold': 15, 'Total Sales': 299.85}, {'Product Code': 'GTW', 'Quantity Sold': 46, 'Total Sales': 827.54}, {'Product Code': 'RP', 'Quantity Sold': 5, 'Total Sales': 79.95}]"
2023-05-29,62,1118.38,3,"[{'Product Code': 'SP', 'Quantity Sold': 21, 'Total Sales': 314.79}, {'Product Code': 'EB', 'Quantity Sold': 37, 'Total Sales': 739.63}, {'Product Code': 'RP', 'Quantity Sold': 4, 'Total Sales': 63.96}]"
2023-05-28,128,1970.7199999999998,5,"[{'Product Code': 'EC', 'Quantity Sold': 47, 'Total Sales': 610.53}, {'Product Code': 'SP', 'Quantity Sold': 35, 'Total Sales': 524.65}, {'Product Code': 'EB', 'Quantity Sold': 11, 'Total Sales': 219.89}, {'Product Code': 'GTW', 'Quantity Sold': 28, 'Total Sales': 503.72}, {'Product Code': 'RP', 'Quantity Sold': 7, 'Total Sales': 111.93}]"
2023-05-27,119,1912.81,5,"[{'Product Code': 'SP', 'Quantity Sold': 10, 'Total Sales': 149.9}, {'Product Code': 'RP', 'Quantity Sold': 25, 'Total Sales': 399.75}, {'Product Code': 'EC', 'Quantity Sold': 32, 'Total Sales': 415.68}, {'Product Code': 'GTW', 'Quantity Sold': 46, 'Total Sales': 827.54}, {'Product Code': 'EB', 'Quantity Sold': 6, 'Total Sales': 119.94}]"
2023-05-26,160,2621.4,5,"[{'Product Code': 'GTW', 'Quantity Sold': 25, 'Total Sales': 449.75}, {'Product Code': 'EC', 'Quantity Sold': 40, 'Total Sales': 519.6}, {'Product Code': 'EB', 'Quantity Sold': 36, 'Total Sales': 719.64}, {'Product Code': 'RP', 'Quantity Sold': 48, 'Total Sales': 767.52}, {'Product Code': 'SP', 'Quantity Sold': 11, 'Total Sales': 164.89}]"
2023-05-25,66,1078.3400000000001,5,"[{'Product Code': 'SP', 'Quantity Sold': 3, 'Total Sales': 44.97}, {'Product Code': 'GTW', 'Quantity Sold': 19, 'Total Sales': 341.81}, {'Product Code': 'EB', 'Quantity Sold': 6, 'Total Sales': 119.94}, {'Product Code': 'RP', 'Quantity Sold': 26, 'Total Sales': 415.74}, {'Product Code': 'EC', 'Quantity Sold': 12, 'Total Sales': 155.88}]"
2023-05-24,145,2408.5499999999997,5,"[{'Product Code': 'RP', 'Quantity Sold': 23, 'Total Sales': 367.77}, {'Product Code': 'EB', 'Quantity Sold': 28, 'Total Sales': 559.72}, {'Product Code': 'EC', 'Quantity Sold': 18, 'Total Sales': 233.82}, {'Product Code': 'SP', 'Quantity Sold': 40, 'Total Sales': 599.6}, {'Product Code': 'GTW', 'Quantity Sold': 36, 'Total Sales': 647.64}]"
2023-05-23,94,1455.06,5,"[{'Product Code': 'GTW', 'Quantity Sold': 9, 'Total Sales': 161.91}, {'Product Code': 'EB', 'Quantity Sold': 3, 'Total Sales': 59.97}, {'Product Code': 'RP', 'Quantity Sold': 24, 'Total Sales': 383.76}, {'Product Code': 'SP', 'Quantity Sold': 48, 'Total Sales': 719.52}, {'Product Code': 'EC', 'Quantity Sold': 10, 'Total Sales': 129.9}]"
2023-05-22,85,1346.15,4,"[{'Product Code': 'EB', 'Quantity Sold': 21, 'Total Sales': 419.79}, {'Product Code': 'SP', 'Quantity Sold': 43, 'Total Sales': 644.57}, {'Product Code': 'RP', 'Quantity Sold': 3, 'Total Sales': 47.97}, {'Product Code': 'EC', 'Quantity Sold': 18, 'Total Sales': 233.82}]"
2023-05-21,145,2430.5499999999997,4,"[{'Product Code': 'GTW', 'Quantity Sold': 27, 'Total Sales': 485.73}, {'Product Code': 'SP', 'Quantity Sold': 45, 'Total Sales': 674.55}, {'Product Code': 'EB', 'Quantity Sold': 46, 'Total Sales': 919.54}, {'Product Code': 'EC', 'Quantity Sold': 27, 'Total Sales': 350.73}]"
2023-05-20,115,1943.85,4,"[{'Product Code': 'EB', 'Quantity Sold': 48, 'Total Sales': 959.52}, {'Product Code': 'GTW', 'Quantity Sold': 21, 'Total Sales': 377.79}, {'Product Code': 'RP', 'Quantity Sold': 3, 'Total Sales': 47.97}, {'Product Code': 'EC', 'Quantity Sold': 43, 'Total Sales': 558.57}]"
2023-05-19,93,1539.07,3,"[{'Product Code': 'SP', 'Quantity Sold': 24, 'Total Sales': 359.76}, {'Product Code': 'EB', 'Quantity Sold': 19, 'Total Sales': 379.81}, {'Product Code': 'RP', 'Quantity Sold': 50, 'Total Sales': 799.5}]"
2023-05-18,7,139.93,1,"[{'Product Code': 'EB', 'Quantity Sold': 7, 'Total Sales': 139.93}]"
2023-05-17,4,63.96,1,"[{'Product Code': 'RP', 'Quantity Sold': 4, 'Total Sales': 63.96}]"
2023-05-16,93,1420.0700000000002,4,"[{'Product Code': 'EB', 'Quantity Sold': 7, 'Total Sales': 139.93}, {'Product Code': 'EC', 'Quantity Sold': 27, 'Total Sales': 350.73}, {'Product Code': 'RP', 'Quantity Sold': 45, 'Total Sales': 719.55}, {'Product Code': 'SP', 'Quantity Sold': 14, 'Total Sales': 209.86}]"
2023-05-15,4,63.96,1,"[{'Product Code': 'RP', 'Quantity Sold': 4, 'Total Sales': 63.96}]"
2023-05-14,43,644.57,1,"[{'Product Code': 'SP', 'Quantity Sold': 43, 'Total Sales': 644.57}]"
2023-05-13,120,1859.8000000000002,5,"[{'Product Code': 'SP', 'Quantity Sold': 32, 'Total Sales': 479.68}, {'Product Code': 'RP', 'Quantity Sold': 23, 'Total Sales': 367.77}, {'Product Code': 'GTW', 'Quantity Sold': 21, 'Total Sales': 377.79}, {'Product Code': 'EB', 'Quantity Sold': 9, 'Total Sales': 179.91}, {'Product Code': 'EC', 'Quantity Sold': 35, 'Total Sales': 454.65}]"
2023-05-12,90,1416.1,4,"[{'Product Code': 'RP', 'Quantity Sold': 9, 'Total Sales': 143.91}, {'Product Code': 'GTW', 'Quantity Sold': 36, 'Total Sales': 647.64}, {'Product Code': 'EC', 'Quantity Sold': 25, 'Total Sales': 324.75}, {'Product Code': 'SP', 'Quantity Sold': 20, 'Total Sales': 299.8}]"
2023-05-11,68,997.32,3,"[{'Product Code': 'EC', 'Quantity Sold': 16, 'Total Sales': 207.84}, {'Product Code': 'SP', 'Quantity Sold': 42, 'Total Sales': 629.58}, {'Product Code': 'RP', 'Quantity Sold': 10, 'Total Sales': 159.9}]"
2023-05-10,41,737.59,1,"[{'Product Code': 'GTW', 'Quantity Sold': 41, 'Total Sales': 737.59}]"
2023-05-09,68,1267.32,2,"[{'Product Code': 'GTW', 'Quantity Sold': 46, 'Total Sales': 827.54}, {'Product Code': 'EB', 'Quantity Sold': 22, 'Total Sales': 439.78}]"
2023-05-08,86,1404.1399999999999,2,"[{'Product Code': 'EB', 'Quantity Sold': 41, 'Total Sales': 819.59}, {'Product Code': 'EC', 'Quantity Sold': 45, 'Total Sales': 584.55}]"
2023-05-07,24,431.76,1,"[{'Product Code': 'GTW', 'Quantity Sold': 24, 'Total Sales': 431.76}]"
2023-05-06,123,1946.7699999999998,5,"[{'Product Code': 'RP', 'Quantity Sold': 3, 'Total Sales': 47.97}, {'Product Code': 'EB', 'Quantity Sold': 10, 'Total Sales': 199.9}, {'Product Code': 'EC', 'Quantity Sold': 44, 'Total Sales': 571.56}, {'Product Code': 'GTW', 'Quantity Sold': 46, 'Total Sales': 827.54}, {'Product Code': 'SP', 'Quantity Sold': 20, 'Total Sales': 299.8}]"
2023-05-05,49,734.51,1,"[{'Product Code': 'SP', 'Quantity Sold': 49, 'Total Sales': 734.51}]"
2023-05-04,60,1034.4,2,"[{'Product Code': 'SP', 'Quantity Sold': 33, 'Total Sales': 494.67}, {'Product Code': 'EB', 'Quantity Sold': 27, 'Total Sales': 539.73}]"
2023-05-03,84,1366.16,4,"[{'Product Code': 'GTW', 'Quantity Sold': 19, 'Total Sales': 341.81}, {'Product Code': 'EC', 'Quantity Sold': 35, 'Total Sales': 454.65}, {'Product Code': 'EB', 'Quantity Sold': 24, 'Total Sales': 479.76}, {'Product Code': 'SP', 'Quantity Sold': 6, 'Total Sales': 89.94}]"
2023-05-02,86,1405.14,5,"[{'Product Code': 'EB', 'Quantity Sold': 20, 'Total Sales': 399.8}, {'Product Code': 'RP', 'Quantity Sold': 7, 'Total Sales': 111.93}, {'Product Code': 'EC', 'Quantity Sold': 9, 'Total Sales': 116.91}, {'Product Code': 'SP', 'Quantity Sold': 41, 'Total Sales': 614.59}, {'Product Code': 'GTW', 'Quantity Sold': 9, 'Total Sales': 161.91}]"
2023-05-01,143,2443.5699999999997,5,"[{'Product Code': 'EC', 'Quantity Sold': 11, 'Total Sales': 142.89}, {'Product Code': 'GTW', 'Quantity Sold': 41, 'Total Sales': 737.59}, {'Product Code': 'EB', 'Quantity Sold': 34, 'Total Sales': 679.66}, {'Product Code': 'RP', 'Quantity Sold': 29, 'Total Sales': 463.71}, {'Product Code': 'SP', 'Quantity Sold': 28, 'Total Sales': 419.72}]"
2023-04-30,105,1769.9500000000003,4,"[{'Product Code': 'SP', 'Quantity Sold': 43, 'Total Sales': 644.57}, {'Product Code': 'EB', 'Quantity Sold': 41, 'Total Sales': 819.59}, {'Product Code': 'EC', 'Quantity Sold': 10, 'Total Sales': 129.9}, {'Product Code': 'RP', 'Quantity Sold': 11, 'Total Sales': 175.89}]"
2023-04-29,104,1752.96,5,"[{'Product Code': 'EB', 'Quantity Sold': 16, 'Total Sales': 319.84}, {'Product Code': 'SP', 'Quantity Sold': 18, 'Total Sales': 269.82}, {'Product Code': 'RP', 'Quantity Sold': 13, 'Total Sales': 207.87}, {'Product Code': 'EC', 'Quantity Sold': 14, 'Total Sales': 181.86}, {'Product Code': 'GTW', 'Quantity Sold': 43, 'Total Sales': 773.57}]"
2023-04-28,17,254.83,1,"[{'Product Code': 'SP', 'Quantity Sold': 17, 'Total Sales': 254.83}]"
2023-04-27,28,521.72,2,"[{'Product Code': 'GTW', 'Quantity Sold': 19, 'Total Sales': 341.81}, {'Product Code': 'EB', 'Quantity Sold': 9, 'Total Sales': 179.91}]"
2023-04-26,81,1402.19,2,"[{'Product Code': 'EC', 'Quantity Sold': 31, 'Total Sales': 402.69}, {'Product Code': 'EB', 'Quantity Sold': 50, 'Total Sales': 999.5}]"
2023-04-25,77,1158.23,4,"[{'Product Code': 'EC', 'Quantity Sold': 47, 'Total Sales': 610.53}, {'Product Code': 'SP', 'Quantity Sold': 2, 'Total Sales': 29.98}, {'Product Code': 'EB', 'Quantity Sold': 7, 'Total Sales': 139.93}, {'Product Code': 'GTW', 'Quantity Sold': 21, 'Total Sales': 377.79}]"
2023-04-24,78,1391.22,4,"[{'Product Code': 'EC', 'Quantity Sold': 15, 'Total Sales': 194.85}, {'Product Code': 'RP', 'Quantity Sold': 7, 'Total Sales': 111.93}, {'Product Code': 'SP', 'Quantity Sold': 7, 'Total Sales': 104.93}, {'Product Code': 'EB', 'Quantity Sold': 49, 'Total Sales': 979.51}]"
2023-04-23,121,2010.79,5,"[{'Product Code': 'EB', 'Quantity Sold': 18, 'Total Sales': 359.82}, {'Product Code': 'GTW', 'Quantity Sold': 28, 'Total Sales': 503.72}, {'Product Code': 'EC', 'Quantity Sold': 5, 'Total Sales': 64.95}, {'Product Code': 'SP', 'Quantity Sold': 37, 'Total Sales': 554.63}, {'Product Code': 'RP', 'Quantity Sold': 33, 'Total Sales': 527.67}]"
2023-04-22,103,1587.97,5,"[{'Product Code': 'GTW', 'Quantity Sold': 11, 'Total Sales': 197.89}, {'Product Code': 'RP', 'Quantity Sold': 35, 'Total Sales': 559.65}, {'Product Code': 'EC', 'Quantity Sold': 22, 'Total Sales': 285.78}, {'Product Code': 'EB', 'Quantity Sold': 4, 'Total Sales': 79.96}, {'Product Code': 'SP', 'Quantity Sold': 31, 'Total Sales': 464.69}]"
2023-04-21,3,53.97,1,"[{'Product Code': 'GTW', 'Quantity Sold': 3, 'Total Sales': 53.97}]"
2023-04-20,58,852.4200000000001,3,"[{'Product Code': 'SP', 'Quantity Sold': 27, 'Total Sales': 404.73}, {'Product Code': 'EC', 'Quantity Sold': 16, 'Total Sales': 207.84}, {'Product Code': 'RP', 'Quantity Sold': 15, 'Total Sales': 239.85}]"
2023-04-19,44,753.56,3,"[{'Product Code': 'EB', 'Quantity Sold': 22, 'Total Sales': 439.78}, {'Product Code': 'SP', 'Quantity Sold': 14, 'Total Sales': 209.86}, {'Product Code': 'EC', 'Quantity Sold': 8, 'Total Sales': 103.92}]"
2023-04-18,89,1489.11,5,"[{'Product Code': 'EB', 'Quantity Sold': 11, 'Total Sales': 219.89}, {'Product Code': 'GTW', 'Quantity Sold': 33, 'Total Sales': 593.67}, {'Product Code': 'EC', 'Quantity Sold': 8, 'Total Sales': 103.92}, {'Product Code': 'RP', 'Quantity Sold': 17, 'Total Sales': 271.83}, {'Product Code': 'SP', 'Quantity Sold': 20, 'Total Sales': 299.8}]"
2023-04-17,34,543.66,1,"[{'Product Code': 'RP', 'Quantity Sold': 34, 'Total Sales': 543.66}]"
2023-04-16,22,375.78,2,"[{'Product Code': 'RP', 'Quantity Sold': 16, 'Total Sales': 255.84}, {'Product Code': 'EB', 'Quantity Sold': 6, 'Total Sales': 119.94}]"
2023-04-15,80,1451.2,2,"[{'Product Code': 'EB', 'Quantity Sold': 43, 'Total Sales': 859.57}, {'Product Code': 'RP', 'Quantity Sold': 37, 'Total Sales': 591.63}]"
2023-04-14,56,876.44,2,"[{'Product Code': 'SP', 'Quantity Sold': 19, 'Total Sales': 284.81}, {'Product Code': 'RP', 'Quantity Sold': 37, 'Total Sales': 591.63}]"
2023-04-13,77,1211.2299999999998,5,"[{'Product Code': 'RP', 'Quantity Sold': 18, 'Total Sales': 287.82}, {'Product Code': 'SP', 'Quantity Sold': 3, 'Total Sales': 44.97}, {'Product Code': 'GTW', 'Quantity Sold': 19, 'Total Sales': 341.81}, {'Product Code': 'EB', 'Quantity Sold': 8, 'Total Sales': 159.92}, {'Product Code': 'EC', 'Quantity Sold': 29, 'Total Sales': 376.71}]"
2023-04-12,97,1436.03,3,"[{'Product Code': 'EC', 'Quantity Sold': 33, 'Total Sales': 428.67}, {'Product Code': 'GTW', 'Quantity Sold': 16, 'Total Sales': 287.84}, {'Product Code': 'SP', 'Quantity Sold': 48, 'Total Sales': 719.52}]"
2023-04-11,28,503.72,1,"[{'Product Code': 'GTW', 'Quantity Sold': 28, 'Total Sales': 503.72}]"
2023-04-10,36,533.64,2,"[{'Product Code': 'EC', 'Quantity Sold': 3, 'Total Sales': 38.97}, {'Product Code': 'SP', 'Quantity Sold': 33, 'Total Sales': 494.67}]"
2023-04-09,70,1303.3,2,"[{'Product Code': 'RP', 'Quantity Sold': 24, 'Total Sales': 383.76}, {'Product Code': 'EB', 'Quantity Sold': 46, 'Total Sales': 919.54}]"
2023-04-08,85,1435.15,2,"[{'Product Code': 'RP', 'Quantity Sold': 47, 'Total Sales': 751.53}, {'Product Code': 'GTW', 'Quantity Sold': 38, 'Total Sales': 683.62}]"
2023-04-07,109,1960.91,3,"[{'Product Code': 'EB', 'Quantity Sold': 50, 'Total Sales': 999.5}, {'Product Code': 'GTW', 'Quantity Sold': 9, 'Total Sales': 161.91}, {'Product Code': 'RP', 'Quantity Sold': 50, 'Total Sales': 799.5}]"
2023-04-06,97,1593.03,4,"[{'Product Code': 'EC', 'Quantity Sold': 25, 'Total Sales': 324.75}, {'Product Code': 'GTW', 'Quantity Sold': 13, 'Total Sales': 233.87}, {'Product Code': 'SP', 'Quantity Sold': 29, 'Total Sales': 434.71}, {'Product Code': 'EB', 'Quantity Sold': 30, 'Total Sales': 599.7}]"
2023-04-05,45,775.55,2,"[{'Product Code': 'RP', 'Quantity Sold': 31, 'Total Sales': 495.69}, {'Product Code': 'EB', 'Quantity Sold': 14, 'Total Sales': 279.86}]"
2023-04-04,43,558.57,1,"[{'Product Code': 'EC', 'Quantity Sold': 43, 'Total Sales': 558.57}]"
2023-04-03,99,1482.01,4,"[{'Product Code': 'GTW', 'Quantity Sold': 4, 'Total Sales': 71.96}, {'Product Code': 'SP', 'Quantity Sold': 37, 'Total Sales': 554.63}, {'Product Code': 'EC', 'Quantity Sold': 24, 'Total Sales': 311.76}, {'Product Code': 'RP', 'Quantity Sold': 34, 'Total Sales': 543.66}]"
2023-04-02,38,683.62,1,"[{'Product Code': 'GTW', 'Quantity Sold': 38, 'Total Sales': 683.62}]"
2023-04-01,86,1486.1399999999999,4,"[{'Product Code': 'SP', 'Quantity Sold': 18, 'Total Sales': 269.82}, {'Product Code': 'EB', 'Quantity Sold': 34, 'Total Sales': 679.66}, {'Product Code': 'GTW', 'Quantity Sold': 19, 'Total Sales': 341.81}, {'Product Code': 'EC', 'Quantity Sold': 15, 'Total Sales': 194.85}]"
2023-03-31,93,1592.07,3,"[{'Product Code': 'SP', 'Quantity Sold': 24, 'Total Sales': 359.76}, {'Product Code': 'EB', 'Quantity Sold': 48, 'Total Sales': 959.52}, {'Product Code': 'EC', 'Quantity Sold': 21, 'Total Sales': 272.79}]"
2023-03-30,41,636.59,3,"[{'Product Code': 'GTW', 'Quantity Sold': 19, 'Total Sales': 341.81}, {'Product Code': 'EC', 'Quantity Sold': 19, 'Total Sales': 246.81}, {'Product Code': 'RP', 'Quantity Sold': 3, 'Total Sales': 47.97}]"
2023-03-29,68,1154.3200000000002,2,"[{'Product Code': 'EB', 'Quantity Sold': 27, 'Total Sales': 539.73}, {'Product Code': 'SP', 'Quantity Sold': 41, 'Total Sales': 614.59}]"
2023-03-28,50,864.5,2,"[{'Product Code': 'SP', 'Quantity Sold': 27, 'Total Sales': 404.73}, {'Product Code': 'EB', 'Quantity Sold': 23, 'Total Sales': 459.77}]"
2023-03-27,68,1143.32,3,"[{'Product Code': 'EB', 'Quantity Sold': 19, 'Total Sales': 379.81}, {'Product Code': 'SP', 'Quantity Sold': 20, 'Total Sales': 299.8}, {'Product Code': 'RP', 'Quantity Sold': 29, 'Total Sales': 463.71}]"
2023-03-26,32,639.68,1,"[{'Product Code': 'EB', 'Quantity Sold': 32, 'Total Sales': 639.68}]"
2023-03-25,7,111.93,1,"[{'Product Code': 'RP', 'Quantity Sold': 7, 'Total Sales': 111.93}]"
2023-03-24,40,583.6,2,"[{'Product Code': 'EC', 'Quantity Sold': 8, 'Total Sales': 103.92}, {'Product Code': 'SP', 'Quantity Sold': 32, 'Total Sales': 479.68}]"
2023-03-23,126,2134.74,4,"[{'Product Code': 'GTW', 'Quantity Sold': 26, 'Total Sales': 467.74}, {'Product Code': 'RP', 'Quantity Sold': 6, 'Total Sales': 95.94}, {'Product Code': 'EB', 'Quantity Sold': 50, 'Total Sales': 999.5}, {'Product Code': 'EC', 'Quantity Sold': 44, 'Total Sales': 571.56}]"
2023-03-22,124,2077.76,4,"[{'Product Code': 'EB', 'Quantity Sold': 43, 'Total Sales': 859.57}, {'Product Code': 'EC', 'Quantity Sold': 31, 'Total Sales': 402.69}, {'Product Code': 'SP', 'Quantity Sold': 28, 'Total Sales': 419.72}, {'Product Code': 'GTW', 'Quantity Sold': 22, 'Total Sales': 395.78}]"
2023-03-21,58,1067.42,2,"[{'Product Code': 'EB', 'Quantity Sold': 12, 'Total Sales': 239.88}, {'Product Code': 'GTW', 'Quantity Sold': 46, 'Total Sales': 827.54}]"
2023-03-20,21,377.79,1,"[{'Product Code': 'GTW', 'Quantity Sold': 21, 'Total Sales': 377.79}]"
2023-03-19,24,459.76,2,"[{'Product Code': 'RP', 'Quantity Sold': 5, 'Total Sales': 79.95}, {'Product Code': 'EB', 'Quantity Sold': 19, 'Total Sales': 379.81}]"
2023-03-18,29,495.71,2,"[{'Product Code': 'GTW', 'Quantity Sold': 16, 'Total Sales': 287.84}, {'Product Code': 'RP', 'Quantity Sold': 13, 'Total Sales': 207.87}]"
2023-03-17,31,619.69,1,"[{'Product Code': 'EB', 'Quantity Sold': 31, 'Total Sales': 619.69}]"
2023-03-16,97,1459.03,4,"[{'Product Code': 'SP', 'Quantity Sold': 37, 'Total Sales': 554.63}, {'Product Code': 'RP', 'Quantity Sold': 30, 'Total Sales': 479.7}, {'Product Code': 'GTW', 'Quantity Sold': 7, 'Total Sales': 125.93}, {'Product Code': 'EC', 'Quantity Sold': 23, 'Total Sales': 298.77}]"
2023-03-15,69,1120.31,5,"[{'Product Code': 'GTW', 'Quantity Sold': 18, 'Total Sales': 323.82}, {'Product Code': 'RP', 'Quantity Sold': 8, 'Total Sales': 127.92}, {'Product Code': 'EC', 'Quantity Sold': 23, 'Total Sales': 298.77}, {'Product Code': 'EB', 'Quantity Sold': 14, 'Total Sales': 279.86}, {'Product Code': 'SP', 'Quantity Sold': 6, 'Total Sales': 89.94}]"
2023-03-14,63,865.3699999999999,3,"[{'Product Code': 'SP', 'Quantity Sold': 10, 'Total Sales': 149.9}, {'Product Code': 'EC', 'Quantity Sold': 44, 'Total Sales': 571.56}, {'Product Code': 'RP', 'Quantity Sold': 9, 'Total Sales': 143.91}]"
2023-03-13,88,1267.12,4,"[{'Product Code': 'SP', 'Quantity Sold': 17, 'Total Sales': 254.83}, {'Product Code': 'EB', 'Quantity Sold': 6, 'Total Sales': 119.94}, {'Product Code': 'RP', 'Quantity Sold': 16, 'Total Sales': 255.84}, {'Product Code': 'EC', 'Quantity Sold': 49, 'Total Sales': 636.51}]"
2023-03-12,43,687.57,1,"[{'Product Code': 'RP', 'Quantity Sold': 43, 'Total Sales': 687.57}]"
2023-03-11,12,179.88,1,"[{'Product Code': 'SP', 'Quantity Sold': 12, 'Total Sales': 179.88}]"
2023-03-10,62,1123.38,3,"[{'Product Code': 'RP', 'Quantity Sold': 24, 'Total Sales': 383.76}, {'Product Code': 'EB', 'Quantity Sold': 34, 'Total Sales': 679.66}, {'Product Code': 'SP', 'Quantity Sold': 4, 'Total Sales': 59.96}]"
2023-03-09,124,2061.76,5,"[{'Product Code': 'EC', 'Quantity Sold': 7, 'Total Sales': 90.93}, {'Product Code': 'GTW', 'Quantity Sold': 31, 'Total Sales': 557.69}, {'Product Code': 'RP', 'Quantity Sold': 29, 'Total Sales': 463.71}, {'Product Code': 'SP', 'Quantity Sold': 38, 'Total Sales': 569.62}, {'Product Code': 'EB', 'Quantity Sold': 19, 'Total Sales': 379.81}]"
2023-03-08,56,1092.44,3,"[{'Product Code': 'SP', 'Quantity Sold': 3, 'Total Sales': 44.97}, {'Product Code': 'EB', 'Quantity Sold': 50, 'Total Sales': 999.5}, {'Product Code': 'RP', 'Quantity Sold': 3, 'Total Sales': 47.97}]"
2023-03-07,32,511.68,1,"[{'Product Code': 'RP', 'Quantity Sold': 32, 'Total Sales': 511.68}]"
2023-03-06,53,838.4699999999999,2,"[{'Product Code': 'SP', 'Quantity Sold': 9, 'Total Sales': 134.91}, {'Product Code': 'RP', 'Quantity Sold': 44, 'Total Sales': 703.56}]"
2023-03-05,6,89.94,1,"[{'Product Code': 'SP', 'Quantity Sold': 6, 'Total Sales': 89.94}]"
2023-03-04,87,1271.13,2,"[{'Product Code': 'RP', 'Quantity Sold': 47, 'Total Sales': 751.53}, {'Product Code': 'EC', 'Quantity Sold': 40, 'Total Sales': 519.6}]"
2023-03-03,79,1251.21,4,"[{'Product Code': 'EC', 'Quantity Sold': 14, 'Total Sales': 181.86}, {'Product Code': 'SP', 'Quantity Sold': 12, 'Total Sales': 179.88}, {'Product Code': 'RP', 'Quantity Sold': 32, 'Total Sales': 511.68}, {'Product Code': 'GTW', 'Quantity Sold': 21, 'Total Sales': 377.79}]"
2023-03-02,128,2045.72,4,"[{'Product Code': 'EB', 'Quantity Sold': 9, 'Total Sales': 179.91}, {'Product Code': 'EC', 'Quantity Sold': 28, 'Total Sales': 363.72}, {'Product Code': 'GTW', 'Quantity Sold': 46, 'Total Sales': 827.54}, {'Product Code': 'SP', 'Quantity Sold': 45, 'Total Sales': 674.55}]"
2023-03-01,93,1478.0700000000002,4,"[{'Product Code': 'EC', 'Quantity Sold': 21, 'Total Sales': 272.79}, {'Product Code': 'GTW', 'Quantity Sold': 17, 'Total Sales': 305.83}, {'Product Code': 'EB', 'Quantity Sold': 5, 'Total Sales': 99.95}, {'Product Code': 'RP', 'Quantity Sold': 50, 'Total Sales': 799.5}]"
2023-02-28,67,1080.33,5,"[{'Product Code': 'EB', 'Quantity Sold': 3, 'Total Sales': 59.97}, {'Product Code': 'EC', 'Quantity Sold': 2, 'Total Sales': 25.98}, {'Product Code': 'GTW', 'Quantity Sold': 9, 'Total Sales': 161.91}, {'Product Code': 'SP', 'Quantity Sold': 15, 'Total Sales': 224.85}, {'Product Code': 'RP', 'Quantity Sold': 38, 'Total Sales': 607.62}]"
2023-02-27,55,1031.45,2,"[{'Product Code': 'RP', 'Quantity Sold': 17, 'Total Sales': 271.83}, {'Product Code': 'EB', 'Quantity Sold': 38, 'Total Sales': 759.62}]"
2023-02-26,48,959.52,1,"[{'Product Code': 'EB', 'Quantity Sold': 48, 'Total Sales': 959.52}]"
2023-02-25,104,1789.9600000000003,4,"[{'Product Code': 'SP', 'Quantity Sold': 43, 'Total Sales': 644.57}, {'Product Code': 'EB', 'Quantity Sold': 27, 'Total Sales': 539.73}, {'Product Code': 'GTW', 'Quantity Sold': 31, 'Total Sales': 557.69}, {'Product Code': 'RP', 'Quantity Sold': 3, 'Total Sales': 47.97}]"
2023-02-24,61,1076.3899999999999,4,"[{'Product Code': 'EB', 'Quantity Sold': 23, 'Total Sales': 459.77}, {'Product Code': 'GTW', 'Quantity Sold': 21, 'Total Sales': 377.79}, {'Product Code': 'SP', 'Quantity Sold': 9, 'Total Sales': 134.91}, {'Product Code': 'EC', 'Quantity Sold': 8, 'Total Sales': 103.92}]"
2023-02-23,64,882.3599999999999,2,"[{'Product Code': 'EC', 'Quantity Sold': 47, 'Total Sales': 610.53}, {'Product Code': 'RP', 'Quantity Sold': 17, 'Total Sales': 271.83}]"
2023-02-22,94,1642.06,5,"[{'Product Code': 'RP', 'Quantity Sold': 21, 'Total Sales': 335.79}, {'Product Code': 'SP', 'Quantity Sold': 10, 'Total Sales': 149.9}, {'Product Code': 'EC', 'Quantity Sold': 1, 'Total Sales': 12.99}, {'Product Code': 'EB', 'Quantity Sold': 14, 'Total Sales': 279.86}, {'Product Code': 'GTW', 'Quantity Sold': 48, 'Total Sales': 863.52}]"
2023-02-21,28,435.71999999999997,2,"[{'Product Code': 'EC', 'Quantity Sold': 4, 'Total Sales': 51.96}, {'Product Code': 'RP', 'Quantity Sold': 24, 'Total Sales': 383.76}]"
2023-02-20,94,1709.06,3,"[{'Product Code': 'EB', 'Quantity Sold': 49, 'Total Sales': 979.51}, {'Product Code': 'GTW', 'Quantity Sold': 5, 'Total Sales': 89.95}, {'Product Code': 'RP', 'Quantity Sold': 40, 'Total Sales': 639.6}]"
2023-02-19,5,79.95,1,"[{'Product Code': 'RP', 'Quantity Sold': 5, 'Total Sales': 79.95}]"
2023-02-18,146,2546.54,5,"[{'Product Code': 'RP', 'Quantity Sold': 26, 'Total Sales': 415.74}, {'Product Code': 'EC', 'Quantity Sold': 8, 'Total Sales': 103.92}, {'Product Code': 'SP', 'Quantity Sold': 26, 'Total Sales': 389.74}, {'Product Code': 'GTW', 'Quantity Sold': 41, 'Total Sales': 737.59}, {'Product Code': 'EB', 'Quantity Sold': 45, 'Total Sales': 899.55}]"
2023-02-17,113,1855.8700000000003,4,"[{'Product Code': 'SP', 'Quantity Sold': 37, 'Total Sales': 554.63}, {'Product Code': 'EB', 'Quantity Sold': 29, 'Total Sales': 579.71}, {'Product Code': 'EC', 'Quantity Sold': 10, 'Total Sales': 129.9}, {'Product Code': 'RP', 'Quantity Sold': 37, 'Total Sales': 591.63}]"
2023-02-16,72,1291.28,3,"[{'Product Code': 'GTW', 'Quantity Sold': 25, 'Total Sales': 449.75}, {'Product Code': 'EC', 'Quantity Sold': 14, 'Total Sales': 181.86}, {'Product Code': 'EB', 'Quantity Sold': 33, 'Total Sales': 659.67}]"
2023-02-15,101,1469.99,4,"[{'Product Code': 'EB', 'Quantity Sold': 10, 'Total Sales': 199.9}, {'Product Code': 'SP', 'Quantity Sold': 41, 'Total Sales': 614.59}, {'Product Code': 'EC', 'Quantity Sold': 48, 'Total Sales': 623.52}, {'Product Code': 'RP', 'Quantity Sold': 2, 'Total Sales': 31.98}]"
2023-02-14,89,1518.1100000000001,5,"[{'Product Code': 'EC', 'Quantity Sold': 9, 'Total Sales': 116.91}, {'Product Code': 'SP', 'Quantity Sold': 34, 'Total Sales': 509.66}, {'Product Code': 'EB', 'Quantity Sold': 35, 'Total Sales': 699.65}, {'Product Code': 'RP', 'Quantity Sold': 3, 'Total Sales': 47.97}, {'Product Code': 'GTW', 'Quantity Sold': 8, 'Total Sales': 143.92}]"
2023-02-13,95,1628.05,3,"[{'Product Code': 'EB', 'Quantity Sold': 33, 'Total Sales': 659.67}, {'Product Code': 'RP', 'Quantity Sold': 39, 'Total Sales': 623.61}, {'Product Code': 'SP', 'Quantity Sold': 23, 'Total Sales': 344.77}]"
2023-02-12,82,1387.1799999999998,3,"[{'Product Code': 'EB', 'Quantity Sold': 36, 'Total Sales': 719.64}, {'Product Code': 'EC', 'Quantity Sold': 11, 'Total Sales': 142.89}, {'Product Code': 'SP', 'Quantity Sold': 35, 'Total Sales': 524.65}]"
2023-02-11,41,565.5899999999999,2,"[{'Product Code': 'EC', 'Quantity Sold': 30, 'Total Sales': 389.7}, {'Product Code': 'RP', 'Quantity Sold': 11, 'Total Sales': 175.89}]"
2023-02-10,143,2320.57,5,"[{'Product Code': 'RP', 'Quantity Sold': 15, 'Total Sales': 239.85}, {'Product Code': 'GTW', 'Quantity Sold': 13, 'Total Sales': 233.87}, {'Product Code': 'EB', 'Quantity Sold': 41, 'Total Sales': 819.59}, {'Product Code': 'EC', 'Quantity Sold': 41, 'Total Sales': 532.59}, {'Product Code': 'SP', 'Quantity Sold': 33, 'Total Sales': 494.67}]"
2023-02-09,167,2761.33,5,"[{'Product Code': 'RP', 'Quantity Sold': 48, 'Total Sales': 767.52}, {'Product Code': 'GTW', 'Quantity Sold': 45, 'Total Sales': 809.55}, {'Product Code': 'EC', 'Quantity Sold': 25, 'Total Sales': 324.75}, {'Product Code': 'EB', 'Quantity Sold': 25, 'Total Sales': 499.75}, {'Product Code': 'SP', 'Quantity Sold': 24, 'Total Sales': 359.76}]"
2023-02-08,177,2796.2299999999996,5,"[{'Product Code': 'SP', 'Quantity Sold': 36, 'Total Sales': 539.64}, {'Product Code': 'EB', 'Quantity Sold': 17, 'Total Sales': 339.83}, {'Product Code': 'GTW', 'Quantity Sold': 33, 'Total Sales': 593.67}, {'Product Code': 'EC', 'Quantity Sold': 44, 'Total Sales': 571.56}, {'Product Code': 'RP', 'Quantity Sold': 47, 'Total Sales': 751.53}]"
2023-02-07,51,776.49,2,"[{'Product Code': 'RP', 'Quantity Sold': 12, 'Total Sales': 191.88}, {'Product Code': 'SP', 'Quantity Sold': 39, 'Total Sales': 584.61}]"
2023-02-06,89,1369.1100000000001,3,"[{'Product Code': 'SP', 'Quantity Sold': 12, 'Total Sales': 179.88}, {'Product Code': 'EC', 'Quantity Sold': 50, 'Total Sales': 649.5}, {'Product Code': 'EB', 'Quantity Sold': 27, 'Total Sales': 539.73}]"
2023-02-05,86,1387.14,3,"[{'Product Code': 'EC', 'Quantity Sold': 34, 'Total Sales': 441.66}, {'Product Code': 'GTW', 'Quantity Sold': 47, 'Total Sales': 845.53}, {'Product Code': 'EB', 'Quantity Sold': 5, 'Total Sales': 99.95}]"
2023-02-04,59,941.4100000000001,2,"[{'Product Code': 'SP', 'Quantity Sold': 40, 'Total Sales': 599.6}, {'Product Code': 'GTW', 'Quantity Sold': 19, 'Total Sales': 341.81}]"
2023-02-03,94,1651.0600000000002,4,"[{'Product Code': 'EB', 'Quantity Sold': 36, 'Total Sales': 719.64}, {'Product Code': 'GTW', 'Quantity Sold': 24, 'Total Sales': 431.76}, {'Product Code': 'SP', 'Quantity Sold': 29, 'Total Sales': 434.71}, {'Product Code': 'EC', 'Quantity Sold': 5, 'Total Sales': 64.95}]"
2023-02-02,77,1228.23,4,"[{'Product Code': 'SP', 'Quantity Sold': 37, 'Total Sales': 554.63}, {'Product Code': 'RP', 'Quantity Sold': 29, 'Total Sales': 463.71}, {'Product Code': 'GTW', 'Quantity Sold': 5, 'Total Sales': 89.95}, {'Product Code': 'EB', 'Quantity Sold': 6, 'Total Sales': 119.94}]"
2023-02-01,195,3154.0499999999997,5,"[{'Product Code': 'EB', 'Quantity Sold': 39, 'Total Sales': 779.61}, {'Product Code': 'EC', 'Quantity Sold': 50, 'Total Sales': 649.5}, {'Product Code': 'RP', 'Quantity Sold': 34, 'Total Sales': 543.66}, {'Product Code': 'SP', 'Quantity Sold': 38, 'Total Sales': 569.62}, {'Product Code': 'GTW', 'Quantity Sold': 34, 'Total Sales': 611.66}]"
2023-01-31,11,197.89,1,"[{'Product Code': 'GTW', 'Quantity Sold': 11, 'Total Sales': 197.89}]"
2023-01-30,93,1563.07,4,"[{'Product Code': 'RP', 'Quantity Sold': 13, 'Total Sales': 207.87}, {'Product Code': 'EB', 'Quantity Sold': 38, 'Total Sales': 759.62}, {'Product Code': 'EC', 'Quantity Sold': 17, 'Total Sales': 220.83}, {'Product Code': 'SP', 'Quantity Sold': 25, 'Total Sales': 374.75}]"
2023-01-29,44,625.56,2,"[{'Product Code': 'EC', 'Quantity Sold': 26, 'Total Sales': 337.74}, {'Product Code': 'RP', 'Quantity Sold': 18, 'Total Sales': 287.82}]"
2023-01-28,54,938.46,2,"[{'Product Code': 'SP', 'Quantity Sold': 11, 'Total Sales': 164.89}, {'Product Code': 'GTW', 'Quantity Sold': 43, 'Total Sales': 773.57}]"
2023-01-27,131,2032.69,4,"[{'Product Code': 'EC', 'Quantity Sold': 40, 'Total Sales': 519.6}, {'Product Code': 'SP', 'Quantity Sold': 26, 'Total Sales': 389.74}, {'Product Code': 'EB', 'Quantity Sold': 21, 'Total Sales': 419.79}, {'Product Code': 'RP', 'Quantity Sold': 44, 'Total Sales': 703.56}]"
2023-01-26,105,1639.9500000000003,5,"[{'Product Code': 'EB', 'Quantity Sold': 8, 'Total Sales': 159.92}, {'Product Code': 'EC', 'Quantity Sold': 43, 'Total Sales': 558.57}, {'Product Code': 'RP', 'Quantity Sold': 7, 'Total Sales': 111.93}, {'Product Code': 'GTW', 'Quantity Sold': 35, 'Total Sales': 629.65}, {'Product Code': 'SP', 'Quantity Sold': 12, 'Total Sales': 179.88}]"
2023-01-25,36,719.64,1,"[{'Product Code': 'EB', 'Quantity Sold': 36, 'Total Sales': 719.64}]"
2023-01-24,42,629.58,1,"[{'Product Code': 'SP', 'Quantity Sold': 42, 'Total Sales': 629.58}]"
2023-01-23,47,845.53,1,"[{'Product Code': 'GTW', 'Quantity Sold': 47, 'Total Sales': 845.53}]"
2023-01-22,61,864.39,2,"[{'Product Code': 'SP', 'Quantity Sold': 36, 'Total Sales': 539.64}, {'Product Code': 'EC', 'Quantity Sold': 25, 'Total Sales': 324.75}]"
2023-01-21,93,1683.07,4,"[{'Product Code': 'RP', 'Quantity Sold': 21, 'Total Sales': 335.79}, {'Product Code': 'EB', 'Quantity Sold': 50, 'Total Sales': 999.5}, {'Product Code': 'GTW', 'Quantity Sold': 6, 'Total Sales': 107.94}, {'Product Code': 'SP', 'Quantity Sold': 16, 'Total Sales': 239.84}]"
2023-01-20,62,1059.38,2,"[{'Product Code': 'EB', 'Quantity Sold': 26, 'Total Sales': 519.74}, {'Product Code': 'SP', 'Quantity Sold': 36, 'Total Sales': 539.64}]"
2023-01-19,4,71.96,1,"[{'Product Code': 'GTW', 'Quantity Sold': 4, 'Total Sales': 71.96}]"
2023-01-18,50,883.5,2,"[{'Product Code': 'GTW', 'Quantity Sold': 42, 'Total Sales': 755.58}, {'Product Code': 'RP', 'Quantity Sold': 8, 'Total Sales': 127.92}]"
2023-01-17,171,2654.29,4,"[{'Product Code': 'GTW', 'Quantity Sold': 45, 'Total Sales': 809.55}, {'Product Code': 'RP', 'Quantity Sold': 48, 'Total Sales': 767.52}, {'Product Code': 'SP', 'Quantity Sold': 32, 'Total Sales': 479.68}, {'Product Code': 'EC', 'Quantity Sold': 46, 'Total Sales': 597.54}]"
2023-01-16,66,935.34,2,"[{'Product Code': 'EC', 'Quantity Sold': 40, 'Total Sales': 519.6}, {'Product Code': 'RP', 'Quantity Sold': 26, 'Total Sales': 415.74}]"
2023-01-15,43,596.5699999999999,2,"[{'Product Code': 'EC', 'Quantity Sold': 24, 'Total Sales': 311.76}, {'Product Code': 'SP', 'Quantity Sold': 19, 'Total Sales': 284.81}]"
2023-01-14,5,64.95,1,"[{'Product Code': 'EC', 'Quantity Sold': 5, 'Total Sales': 64.95}]"
2023-01-13,12,219.88,2,"[{'Product Code': 'RP', 'Quantity Sold': 5, 'Total Sales': 79.95}, {'Product Code': 'EB', 'Quantity Sold': 7, 'Total Sales': 139.93}]"
2023-01-12,81,1460.19,5,"[{'Product Code': 'RP', 'Quantity Sold': 7, 'Total Sales': 111.93}, {'Product Code': 'EC', 'Quantity Sold': 7, 'Total Sales': 90.93}, {'Product Code': 'GTW', 'Quantity Sold': 16, 'Total Sales': 287.84}, {'Product Code': 'SP', 'Quantity Sold': 10, 'Total Sales': 149.9}, {'Product Code': 'EB', 'Quantity Sold': 41, 'Total Sales': 819.59}]"
2023-01-11,123,1969.77,4,"[{'Product Code': 'EC', 'Quantity Sold': 19, 'Total Sales': 246.81}, {'Product Code': 'SP', 'Quantity Sold': 32, 'Total Sales': 479.68}, {'Product Code': 'RP', 'Quantity Sold': 49, 'Total Sales': 783.51}, {'Product Code': 'EB', 'Quantity Sold': 23, 'Total Sales': 459.77}]"
2023-01-10,73,1303.27,3,"[{'Product Code': 'RP', 'Quantity Sold': 20, 'Total Sales': 319.8}, {'Product Code': 'GTW', 'Quantity Sold': 38, 'Total Sales': 683.62}, {'Product Code': 'EB', 'Quantity Sold': 15, 'Total Sales': 299.85}]"
2023-01-09,142,2344.58,4,"[{'Product Code': 'GTW', 'Quantity Sold': 20, 'Total Sales': 359.8}, {'Product Code': 'RP', 'Quantity Sold': 26, 'Total Sales': 415.74}, {'Product Code': 'EC', 'Quantity Sold': 50, 'Total Sales': 649.5}, {'Product Code': 'EB', 'Quantity Sold': 46, 'Total Sales': 919.54}]"
2023-01-08,46,634.54,3,"[{'Product Code': 'SP', 'Quantity Sold': 15, 'Total Sales': 224.85}, {'Product Code': 'EB', 'Quantity Sold': 1, 'Total Sales': 19.99}, {'Product Code': 'EC', 'Quantity Sold': 30, 'Total Sales': 389.7}]"
2023-01-07,101,1570.99,3,"[{'Product Code': 'EB', 'Quantity Sold': 25, 'Total Sales': 499.75}, {'Product Code': 'EC', 'Quantity Sold': 48, 'Total Sales': 623.52}, {'Product Code': 'RP', 'Quantity Sold': 28, 'Total Sales': 447.72}]"
2023-01-06,45,719.55,1,"[{'Product Code': 'RP', 'Quantity Sold': 45, 'Total Sales': 719.55}]"
2023-01-05,50,757.5,5,"[{'Product Code': 'SP', 'Quantity Sold': 30, 'Total Sales': 449.7}, {'Product Code': 'GTW', 'Quantity Sold': 7, 'Total Sales': 125.93}, {'Product Code': 'EB', 'Quantity Sold': 1, 'Total Sales': 19.99}, {'Product Code': 'EC', 'Quantity Sold': 10, 'Total Sales': 129.9}, {'Product Code': 'RP', 'Quantity Sold': 2, 'Total Sales': 31.98}]"
2023-01-04,83,1274.17,3,"[{'Product Code': 'SP', 'Quantity Sold': 41, 'Total Sales': 614.59}, {'Product Code': 'RP', 'Quantity Sold': 38, 'Total Sales': 607.62}, {'Product Code': 'EC', 'Quantity Sold': 4, 'Total Sales': 51.96}]"
2023-01-03,52,699.4799999999999,2,"[{'Product Code': 'EC', 'Quantity Sold': 44, 'Total Sales': 571.56}, {'Product Code': 'RP', 'Quantity Sold': 8, 'Total Sales': 127.92}]"
2023-01-02,27,364.73,2,"[{'Product Code': 'SP', 'Quantity Sold': 7, 'Total Sales': 104.93}, {'Product Code': 'EC', 'Quantity Sold': 20, 'Total Sales': 259.8}]"
2023-01-01,100,1640.0,4,"[{'Product Code': 'SP', 'Quantity Sold': 24, 'Total Sales': 359.76}, {'Product Code': 'RP', 'Quantity Sold': 23, 'Total Sales': 367.77}, {'Product Code': 'EC', 'Quantity Sold': 21, 'Total Sales': 272.79}, {'Product Code': 'EB', 'Quantity Sold': 32, 'Total Sales': 639.68}]"
2022-12-31,103,1747.97,3,"[{'Product Code': 'EB', 'Quantity Sold': 47, 'Total Sales': 939.53}, {'Product Code': 'EC', 'Quantity Sold': 29, 'Total Sales': 376.71}, {'Product Code': 'RP', 'Quantity Sold': 27, 'Total Sales': 431.73}]"
2022-12-30,82,1472.1799999999998,3,"[{'Product Code': 'EB', 'Quantity Sold': 45, 'Total Sales': 899.55}, {'Product Code': 'RP', 'Quantity Sold': 18, 'Total Sales': 287.82}, {'Product Code': 'SP', 'Quantity Sold': 19, 'Total Sales': 284.81}]"
2022-12-29,146,2352.54,5,"[{'Product Code': 'RP', 'Quantity Sold': 39, 'Total Sales': 623.61}, {'Product Code': 'EB', 'Quantity Sold': 9, 'Total Sales': 179.91}, {'Product Code': 'GTW', 'Quantity Sold': 46, 'Total Sales': 827.54}, {'Product Code': 'EC', 'Quantity Sold': 29, 'Total Sales': 376.71}, {'Product Code': 'SP', 'Quantity Sold': 23, 'Total Sales': 344.77}]"
2022-12-28,79,1290.21,4,"[{'Product Code': 'EB', 'Quantity Sold': 25, 'Total Sales': 499.75}, {'Product Code': 'EC', 'Quantity Sold': 15, 'Total Sales': 194.85}, {'Product Code': 'SP', 'Quantity Sold': 28, 'Total Sales': 419.72}, {'Product Code': 'RP', 'Quantity Sold': 11, 'Total Sales': 175.89}]"
2022-12-27,52,681.48,2,"[{'Product Code': 'RP', 'Quantity Sold': 2, 'Total Sales': 31.98}, {'Product Code': 'EC', 'Quantity Sold': 50, 'Total Sales': 649.5}]"
2022-12-26,79,1270.21,4,"[{'Product Code': 'GTW', 'Quantity Sold': 5, 'Total Sales': 89.95}, {'Product Code': 'EB', 'Quantity Sold': 17, 'Total Sales': 339.83}, {'Product Code': 'SP', 'Quantity Sold': 50, 'Total Sales': 749.5}, {'Product Code': 'EC', 'Quantity Sold': 7, 'Total Sales': 90.93}]"
2022-12-25,23,344.77,1,"[{'Product Code': 'SP', 'Quantity Sold': 23, 'Total Sales': 344.77}]"
2022-12-24,158,2507.42,5,"[{'Product Code': 'EB', 'Quantity Sold': 15, 'Total Sales': 299.85}, {'Product Code': 'GTW', 'Quantity Sold': 39, 'Total Sales': 701.61}, {'Product Code': 'SP', 'Quantity Sold': 49, 'Total Sales': 734.51}, {'Product Code': 'RP', 'Quantity Sold': 19, 'Total Sales': 303.81}, {'Product Code': 'EC', 'Quantity Sold': 36, 'Total Sales': 467.64}]"
2022-12-23,78,1191.22,4,"[{'Product Code': 'SP', 'Quantity Sold': 19, 'Total Sales': 284.81}, {'Product Code': 'GTW', 'Quantity Sold': 13, 'Total Sales': 233.87}, {'Product Code': 'RP', 'Quantity Sold': 25, 'Total Sales': 399.75}, {'Product Code': 'EC', 'Quantity Sold': 21, 'Total Sales': 272.79}]"
2022-12-22,32,575.68,1,"[{'Product Code': 'GTW', 'Quantity Sold': 32, 'Total Sales': 575.68}]"
2022-12-21,50,705.5,2,"[{'Product Code': 'EC', 'Quantity Sold': 22, 'Total Sales': 285.78}, {'Product Code': 'SP', 'Quantity Sold': 28, 'Total Sales': 419.72}]"
2022-12-20,11,175.89,1,"[{'Product Code': 'RP', 'Quantity Sold': 11, 'Total Sales': 175.89}]"
2022-12-19,144,2231.56,4,"[{'Product Code': 'EC', 'Quantity Sold': 34, 'Total Sales': 441.66}, {'Product Code': 'GTW', 'Quantity Sold': 32, 'Total Sales': 575.68}, {'Product Code': 'SP', 'Quantity Sold': 33, 'Total Sales': 494.67}, {'Product Code': 'RP', 'Quantity Sold': 45, 'Total Sales': 719.55}]"
2022-12-18,31,495.69,1,"[{'Product Code': 'RP', 'Quantity Sold': 31, 'Total Sales': 495.69}]"
2022-12-17,135,2183.65,5,"[{'Product Code': 'EB', 'Quantity Sold': 25, 'Total Sales': 499.75}, {'Product Code': 'RP', 'Quantity Sold': 2, 'Total Sales': 31.98}, {'Product Code': 'SP', 'Quantity Sold': 37, 'Total Sales': 554.63}, {'Product Code': 'EC', 'Quantity Sold': 36, 'Total Sales': 467.64}, {'Product Code': 'GTW', 'Quantity Sold': 35, 'Total Sales': 629.65}]"
2022-12-16,17,305.83,1,"[{'Product Code': 'GTW', 'Quantity Sold': 17, 'Total Sales': 305.83}]"
2022-12-15,75,1079.25,2,"[{'Product Code': 'EC', 'Quantity Sold': 40, 'Total Sales': 519.6}, {'Product Code': 'RP', 'Quantity Sold': 35, 'Total Sales': 559.65}]"
2022-12-14,112,1887.88,4,"[{'Product Code': 'SP', 'Quantity Sold': 15, 'Total Sales': 224.85}, {'Product Code': 'EC', 'Quantity Sold': 24, 'Total Sales': 311.76}, {'Product Code': 'EB', 'Quantity Sold': 46, 'Total Sales': 919.54}, {'Product Code': 'RP', 'Quantity Sold': 27, 'Total Sales': 431.73}]"
2022-12-13,141,2306.59,5,"[{'Product Code': 'RP', 'Quantity Sold': 36, 'Total Sales': 575.64}, {'Product Code': 'EB', 'Quantity Sold': 28, 'Total Sales': 559.72}, {'Product Code': 'SP', 'Quantity Sold': 23, 'Total Sales': 344.77}, {'Product Code': 'GTW', 'Quantity Sold': 25, 'Total Sales': 449.75}, {'Product Code': 'EC', 'Quantity Sold': 29, 'Total Sales': 376.71}]"
2022-12-12,24,395.76,2,"[{'Product Code': 'EC', 'Quantity Sold': 12, 'Total Sales': 155.88}, {'Product Code': 'EB', 'Quantity Sold': 12, 'Total Sales': 239.88}]"
2022-12-11,82,1387.18,3,"[{'Product Code': 'EB', 'Quantity Sold': 26, 'Total Sales': 519.74}, {'Product Code': 'SP', 'Quantity Sold': 28, 'Total Sales': 419.72}, {'Product Code': 'RP', 'Quantity Sold': 28, 'Total Sales': 447.72}]"
2022-12-10,83,1298.17,5,"[{'Product Code': 'RP', 'Quantity Sold': 28, 'Total Sales': 447.72}, {'Product Code': 'EC', 'Quantity Sold': 25, 'Total Sales': 324.75}, {'Product Code': 'SP', 'Quantity Sold': 10, 'Total Sales': 149.9}, {'Product Code': 'EB', 'Quantity Sold': 8, 'Total Sales': 159.92}, {'Product Code': 'GTW', 'Quantity Sold': 12, 'Total Sales': 215.88}]"
2022-12-09,31,492.69000000000005,2,"[{'Product Code': 'SP', 'Quantity Sold': 3, 'Total Sales': 44.97}, {'Product Code': 'RP', 'Quantity Sold': 28, 'Total Sales': 447.72}]"
2022-12-08,87,1527.13,4,"[{'Product Code': 'RP', 'Quantity Sold': 3, 'Total Sales': 47.97}, {'Product Code': 'GTW', 'Quantity Sold': 25, 'Total Sales': 449.75}, {'Product Code': 'SP', 'Quantity Sold': 30, 'Total Sales': 449.7}, {'Product Code': 'EB', 'Quantity Sold': 29, 'Total Sales': 579.71}]"
2022-12-07,165,2842.35,5,"[{'Product Code': 'EB', 'Quantity Sold': 49, 'Total Sales': 979.51}, {'Product Code': 'RP', 'Quantity Sold': 37, 'Total Sales': 591.63}, {'Product Code': 'EC', 'Quantity Sold': 12, 'Total Sales': 155.88}, {'Product Code': 'GTW', 'Quantity Sold': 37, 'Total Sales': 665.63}, {'Product Code': 'SP', 'Quantity Sold': 30, 'Total Sales': 449.7}]"
2022-12-06,36,647.64,1,"[{'Product Code': 'GTW', 'Quantity Sold': 36, 'Total Sales': 647.64}]"
2022-12-05,37,480.63,1,"[{'Product Code': 'EC', 'Quantity Sold': 37, 'Total Sales': 480.63}]"
2022-12-04,39,610.61,2,"[{'Product Code': 'RP', 'Quantity Sold': 26, 'Total Sales': 415.74}, {'Product Code': 'SP', 'Quantity Sold': 13, 'Total Sales': 194.87}]"
2022-12-03,99,1645.0099999999998,4,"[{'Product Code': 'RP', 'Quantity Sold': 34, 'Total Sales': 543.66}, {'Product Code': 'EB', 'Quantity Sold': 5, 'Total Sales': 99.95}, {'Product Code': 'SP', 'Quantity Sold': 26, 'Total Sales': 389.74}, {'Product Code': 'GTW', 'Quantity Sold': 34, 'Total Sales': 611.66}]"
2022-12-02,63,1175.3700000000001,3,"[{'Product Code': 'EB', 'Quantity Sold': 29, 'Total Sales': 579.71}, {'Product Code': 'GTW', 'Quantity Sold': 26, 'Total Sales': 467.74}, {'Product Code': 'RP', 'Quantity Sold': 8, 'Total Sales': 127.92}]"
2022-12-01,73,1321.27,3,"[{'Product Code': 'RP', 'Quantity Sold': 30, 'Total Sales': 479.7}, {'Product Code': 'GTW', 'Quantity Sold': 9, 'Total Sales': 161.91}, {'Product Code': 'EB', 'Quantity Sold': 34, 'Total Sales': 679.66}]"
2022-11-30,133,2040.6699999999998,4,"[{'Product Code': 'RP', 'Quantity Sold': 27, 'Total Sales': 431.73}, {'Product Code': 'EC', 'Quantity Sold': 40, 'Total Sales': 519.6}, {'Product Code': 'SP', 'Quantity Sold': 46, 'Total Sales': 689.54}, {'Product Code': 'EB', 'Quantity Sold': 20, 'Total Sales': 399.8}]"
2022-11-29,112,1637.8799999999999,3,"[{'Product Code': 'GTW', 'Quantity Sold': 19, 'Total Sales': 341.81}, {'Product Code': 'EC', 'Quantity Sold': 49, 'Total Sales': 636.51}, {'Product Code': 'SP', 'Quantity Sold': 44, 'Total Sales': 659.56}]"
2022-11-28,7,111.93,1,"[{'Product Code': 'RP', 'Quantity Sold': 7, 'Total Sales': 111.93}]"
2022-11-27,100,1479.0,3,"[{'Product Code': 'SP', 'Quantity Sold': 34, 'Total Sales': 509.66}, {'Product Code': 'EC', 'Quantity Sold': 50, 'Total Sales': 649.5}, {'Product Code': 'EB', 'Quantity Sold': 16, 'Total Sales': 319.84}]"
2022-11-26,118,1788.82,4,"[{'Product Code': 'EC', 'Quantity Sold': 44, 'Total Sales': 571.56}, {'Product Code': 'RP', 'Quantity Sold': 48, 'Total Sales': 767.52}, {'Product Code': 'SP', 'Quantity Sold': 6, 'Total Sales': 89.94}, {'Product Code': 'GTW', 'Quantity Sold': 20, 'Total Sales': 359.8}]"
2022-11-25,51,842.49,3,"[{'Product Code': 'SP', 'Quantity Sold': 15, 'Total Sales': 224.85}, {'Product Code': 'GTW', 'Quantity Sold': 21, 'Total Sales': 377.79}, {'Product Code': 'RP', 'Quantity Sold': 15, 'Total Sales': 239.85}]"
2022-11-24,35,693.65,2,"[{'Product Code': 'EB', 'Quantity Sold': 32, 'Total Sales': 639.68}, {'Product Code': 'GTW', 'Quantity Sold': 3, 'Total Sales': 53.97}]"
2022-11-23,88,1412.12,3,"[{'Product Code': 'RP', 'Quantity Sold': 28, 'Total Sales': 447.72}, {'Product Code': 'SP', 'Quantity Sold': 47, 'Total Sales': 704.53}, {'Product Code': 'EB', 'Quantity Sold': 13, 'Total Sales': 259.87}]"
2022-11-22,75,1229.25,3,"[{'Product Code': 'EC', 'Quantity Sold': 14, 'Total Sales': 181.86}, {'Product Code': 'RP', 'Quantity Sold': 25, 'Total Sales': 399.75}, {'Product Code': 'GTW', 'Quantity Sold': 36, 'Total Sales': 647.64}]"
2022-11-21,15,224.85,1,"[{'Product Code': 'SP', 'Quantity Sold': 15, 'Total Sales': 224.85}]"
2022-11-20,39,625.61,2,"[{'Product Code': 'GTW', 'Quantity Sold': 1, 'Total Sales': 17.99}, {'Product Code': 'RP', 'Quantity Sold': 38, 'Total Sales': 607.62}]"
2022-11-19,81,1313.1899999999998,4,"[{'Product Code': 'RP', 'Quantity Sold': 18, 'Total Sales': 287.82}, {'Product Code': 'EC', 'Quantity Sold': 22, 'Total Sales': 285.78}, {'Product Code': 'EB', 'Quantity Sold': 25, 'Total Sales': 499.75}, {'Product Code': 'SP', 'Quantity Sold': 16, 'Total Sales': 239.84}]"
2022-11-18,48,749.52,2,"[{'Product Code': 'RP', 'Quantity Sold': 30, 'Total Sales': 479.7}, {'Product Code': 'SP', 'Quantity Sold': 18, 'Total Sales': 269.82}]"
2022-11-17,105,1656.95,4,"[{'Product Code': 'EB', 'Quantity Sold': 23, 'Total Sales': 459.77}, {'Product Code': 'SP', 'Quantity Sold': 39, 'Total Sales': 584.61}, {'Product Code': 'RP', 'Quantity Sold': 18, 'Total Sales': 287.82}, {'Product Code': 'EC', 'Quantity Sold': 25, 'Total Sales': 324.75}]"
2022-11-16,56,895.44,3,"[{'Product Code': 'SP', 'Quantity Sold': 20, 'Total Sales': 299.8}, {'Product Code': 'RP', 'Quantity Sold': 31, 'Total Sales': 495.69}, {'Product Code': 'EB', 'Quantity Sold': 5, 'Total Sales': 99.95}]"
2022-11-15,42,671.58,1,"[{'Product Code': 'RP', 'Quantity Sold': 42, 'Total Sales': 671.58}]"
2022-11-14,51,880.49,4,"[{'Product Code': 'SP', 'Quantity Sold': 1, 'Total Sales': 14.99}, {'Product Code': 'EB', 'Quantity Sold': 1, 'Total Sales': 19.99}, {'Product Code': 'GTW', 'Quantity Sold': 31, 'Total Sales': 557.69}, {'Product Code': 'RP', 'Quantity Sold': 18, 'Total Sales': 287.82}]"
2022-11-13,1,14.99,1,"[{'Product Code': 'SP', 'Quantity Sold': 1, 'Total Sales': 14.99}]"
2022-11-12,143,2286.5699999999997,5,"[{'Product Code': 'RP', 'Quantity Sold': 1, 'Total Sales': 15.99}, {'Product Code': 'SP', 'Quantity Sold': 45, 'Total Sales': 674.55}, {'Product Code': 'EB', 'Quantity Sold': 18, 'Total Sales': 359.82}, {'Product Code': 'EC', 'Quantity Sold': 37, 'Total Sales': 480.63}, {'Product Code': 'GTW', 'Quantity Sold': 42, 'Total Sales': 755.58}]"
2022-11-11,89,1395.1100000000001,3,"[{'Product Code': 'SP', 'Quantity Sold': 44, 'Total Sales': 659.56}, {'Product Code': 'EB', 'Quantity Sold': 4, 'Total Sales': 79.96}, {'Product Code': 'RP', 'Quantity Sold': 41, 'Total Sales': 655.59}]"
2022-11-10,63,1048.37,2,"[{'Product Code': 'GTW', 'Quantity Sold': 46, 'Total Sales': 827.54}, {'Product Code': 'EC', 'Quantity Sold': 17, 'Total Sales': 220.83}]"
2022-11-09,72,1121.28,5,"[{'Product Code': 'EC', 'Quantity Sold': 21, 'Total Sales': 272.79}, {'Product Code': 'SP', 'Quantity Sold': 21, 'Total Sales': 314.79}, {'Product Code': 'EB', 'Quantity Sold': 12, 'Total Sales': 239.88}, {'Product Code': 'RP', 'Quantity Sold': 15, 'Total Sales': 239.85}, {'Product Code': 'GTW', 'Quantity Sold': 3, 'Total Sales': 53.97}]"
2022-11-08,36,549.64,2,"[{'Product Code': 'SP', 'Quantity Sold': 26, 'Total Sales': 389.74}, {'Product Code': 'RP', 'Quantity Sold': 10, 'Total Sales': 159.9}]"
2022-11-07,131,2090.69,5,"[{'Product Code': 'GTW', 'Quantity Sold': 46, 'Total Sales': 827.54}, {'Product Code': 'SP', 'Quantity Sold': 31, 'Total Sales': 464.69}, {'Product Code': 'EB', 'Quantity Sold': 13, 'Total Sales': 259.87}, {'Product Code': 'EC', 'Quantity Sold': 39, 'Total Sales': 506.61}, {'Product Code': 'RP', 'Quantity Sold': 2, 'Total Sales': 31.98}]"
2022-11-06,60,998.4000000000001,3,"[{'Product Code': 'RP', 'Quantity Sold': 12, 'Total Sales': 191.88}, {'Product Code': 'GTW', 'Quantity Sold': 29, 'Total Sales': 521.71}, {'Product Code': 'SP', 'Quantity Sold': 19, 'Total Sales': 284.81}]"
2022-11-05,176,2859.24,5,"[{'Product Code': 'EB', 'Quantity Sold': 38, 'Total Sales': 759.62}, {'Product Code': 'RP', 'Quantity Sold': 9, 'Total Sales': 143.91}, {'Product Code': 'SP', 'Quantity Sold': 45, 'Total Sales': 674.55}, {'Product Code': 'GTW', 'Quantity Sold': 38, 'Total Sales': 683.62}, {'Product Code': 'EC', 'Quantity Sold': 46, 'Total Sales': 597.54}]"
2022-11-04,42,545.58,1,"[{'Product Code': 'EC', 'Quantity Sold': 42, 'Total Sales': 545.58}]"
2022-11-03,161,2568.39,5,"[{'Product Code': 'EB', 'Quantity Sold': 35, 'Total Sales': 699.65}, {'Product Code': 'EC', 'Quantity Sold': 42, 'Total Sales': 545.58}, {'Product Code': 'RP', 'Quantity Sold': 25, 'Total Sales': 399.75}, {'Product Code': 'SP', 'Quantity Sold': 46, 'Total Sales': 689.54}, {'Product Code': 'GTW', 'Quantity Sold': 13, 'Total Sales': 233.87}]"
2022-11-02,101,1585.99,4,"[{'Product Code': 'SP', 'Quantity Sold': 34, 'Total Sales': 509.66}, {'Product Code': 'EB', 'Quantity Sold': 18, 'Total Sales': 359.82}, {'Product Code': 'GTW', 'Quantity Sold': 16, 'Total Sales': 287.84}, {'Product Code': 'EC', 'Quantity Sold': 33, 'Total Sales': 428.67}]"
2022-11-01,113,2069.87,3,"[{'Product Code': 'EB', 'Quantity Sold': 47, 'Total Sales': 939.53}, {'Product Code': 'GTW', 'Quantity Sold': 47, 'Total Sales': 845.53}, {'Product Code': 'SP', 'Quantity Sold': 19, 'Total Sales': 284.81}]"
2022-10-31,146,2345.54,5,"[{'Product Code': 'EB', 'Quantity Sold': 4, 'Total Sales': 79.96}, {'Product Code': 'RP', 'Quantity Sold': 44, 'Total Sales': 703.56}, {'Product Code': 'EC', 'Quantity Sold': 15, 'Total Sales': 194.85}, {'Product Code': 'GTW', 'Quantity Sold': 41, 'Total Sales': 737.59}, {'Product Code': 'SP', 'Quantity Sold': 42, 'Total Sales': 629.58}]"
2022-10-30,101,1553.9899999999998,5,"[{'Product Code': 'EB', 'Quantity Sold': 6, 'Total Sales': 119.94}, {'Product Code': 'EC', 'Quantity Sold': 36, 'Total Sales': 467.64}, {'Product Code': 'GTW', 'Quantity Sold': 21, 'Total Sales': 377.79}, {'Product Code': 'RP', 'Quantity Sold': 19, 'Total Sales': 303.81}, {'Product Code': 'SP', 'Quantity Sold': 19, 'Total Sales': 284.81}]"
2022-10-29,109,1859.91,5,"[{'Product Code': 'SP', 'Quantity Sold': 34, 'Total Sales': 509.66}, {'Product Code': 'RP', 'Quantity Sold': 6, 'Total Sales': 95.94}, {'Product Code': 'EC', 'Quantity Sold': 9, 'Total Sales': 116.91}, {'Product Code': 'EB', 'Quantity Sold': 29, 'Total Sales': 579.71}, {'Product Code': 'GTW', 'Quantity Sold': 31, 'Total Sales': 557.69}]"
2022-10-28,100,1575.0,5,"[{'Product Code': 'GTW', 'Quantity Sold': 14, 'Total Sales': 251.86}, {'Product Code': 'SP', 'Quantity Sold': 21, 'Total Sales': 314.79}, {'Product Code': 'RP', 'Quantity Sold': 15, 'Total Sales': 239.85}, {'Product Code': 'EC', 'Quantity Sold': 33, 'Total Sales': 428.67}, {'Product Code': 'EB', 'Quantity Sold': 17, 'Total Sales': 339.83}]"
2022-10-27,82,1275.18,3,"[{'Product Code': 'EC', 'Quantity Sold': 27, 'Total Sales': 350.73}, {'Product Code': 'SP', 'Quantity Sold': 35, 'Total Sales': 524.65}, {'Product Code': 'EB', 'Quantity Sold': 20, 'Total Sales': 399.8}]"
2022-10-26,31,557.69,1,"[{'Product Code': 'GTW', 'Quantity Sold': 31, 'Total Sales': 557.69}]"
2022-10-25,120,1800.8000000000002,5,"[{'Product Code': 'SP', 'Quantity Sold': 38, 'Total Sales': 569.62}, {'Product Code': 'GTW', 'Quantity Sold': 26, 'Total Sales': 467.74}, {'Product Code': 'RP', 'Quantity Sold': 5, 'Total Sales': 79.95}, {'Product Code': 'EC', 'Quantity Sold': 48, 'Total Sales': 623.52}, {'Product Code': 'EB', 'Quantity Sold': 3, 'Total Sales': 59.97}]"
2022-10-24,106,1583.94,4,"[{'Product Code': 'RP', 'Quantity Sold': 6, 'Total Sales': 95.94}, {'Product Code': 'GTW', 'Quantity Sold': 19, 'Total Sales': 341.81}, {'Product Code': 'EC', 'Quantity Sold': 34, 'Total Sales': 441.66}, {'Product Code': 'SP', 'Quantity Sold': 47, 'Total Sales': 704.53}]"
2022-10-23,32,575.68,1,"[{'Product Code': 'GTW', 'Quantity Sold': 32, 'Total Sales': 575.68}]"
2022-10-22,25,423.75,2,"[{'Product Code': 'RP', 'Quantity Sold': 19, 'Total Sales': 303.81}, {'Product Code': 'EB', 'Quantity Sold': 6, 'Total Sales': 119.94}]"
2022-10-21,58,997.4200000000001,3,"[{'Product Code': 'RP', 'Quantity Sold': 26, 'Total Sales': 415.74}, {'Product Code': 'GTW', 'Quantity Sold': 29, 'Total Sales': 521.71}, {'Product Code': 'EB', 'Quantity Sold': 3, 'Total Sales': 59.97}]"
2022-10-20,98,1478.02,3,"[{'Product Code': 'RP', 'Quantity Sold': 49, 'Total Sales': 783.51}, {'Product Code': 'EC', 'Quantity Sold': 20, 'Total Sales': 259.8}, {'Product Code': 'SP', 'Quantity Sold': 29, 'Total Sales': 434.71}]"
2022-10-19,39,599.6099999999999,3,"[{'Product Code': 'SP', 'Quantity Sold': 29, 'Total Sales': 434.71}, {'Product Code': 'EC', 'Quantity Sold': 3, 'Total Sales': 38.97}, {'Product Code': 'GTW', 'Quantity Sold': 7, 'Total Sales': 125.93}]"
2022-10-18,20,319.8,1,"[{'Product Code': 'RP', 'Quantity Sold': 20, 'Total Sales': 319.8}]"
2022-10-17,32,415.68,1,"[{'Product Code': 'EC', 'Quantity Sold': 32, 'Total Sales': 415.68}]"
2022-10-16,71,1195.29,2,"[{'Product Code': 'RP', 'Quantity Sold': 41, 'Total Sales': 655.59}, {'Product Code': 'GTW', 'Quantity Sold': 30, 'Total Sales': 539.7}]"
2022-10-15,16,255.84,1,"[{'Product Code': 'RP', 'Quantity Sold': 16, 'Total Sales': 255.84}]"
2022-10-14,58,1039.42,2,"[{'Product Code': 'SP', 'Quantity Sold': 24, 'Total Sales': 359.76}, {'Product Code': 'EB', 'Quantity Sold': 34, 'Total Sales': 679.66}]"
2022-10-13,152,2458.48,5,"[{'Product Code': 'EB', 'Quantity Sold': 26, 'Total Sales': 519.74}, {'Product Code': 'RP', 'Quantity Sold': 28, 'Total Sales': 447.72}, {'Product Code': 'GTW', 'Quantity Sold': 36, 'Total Sales': 647.64}, {'Product Code': 'EC', 'Quantity Sold': 43, 'Total Sales': 558.57}, {'Product Code': 'SP', 'Quantity Sold': 19, 'Total Sales': 284.81}]"
2022-10-12,72,1291.28,5,"[{'Product Code': 'EB', 'Quantity Sold': 39, 'Total Sales': 779.61}, {'Product Code': 'SP', 'Quantity Sold': 8, 'Total Sales': 119.92}, {'Product Code': 'GTW', 'Quantity Sold': 2, 'Total Sales': 35.98}, {'Product Code': 'RP', 'Quantity Sold': 19, 'Total Sales': 303.81}, {'Product Code': 'EC', 'Quantity Sold': 4, 'Total Sales': 51.96}]"
2022-10-11,27,435.73,2,"[{'Product Code': 'GTW', 'Quantity Sold': 17, 'Total Sales': 305.83}, {'Product Code': 'EC', 'Quantity Sold': 10, 'Total Sales': 129.9}]"
2022-10-10,73,1165.27,4,"[{'Product Code': 'EC', 'Quantity Sold': 30, 'Total Sales': 389.7}, {'Product Code': 'SP', 'Quantity Sold': 4, 'Total Sales': 59.96}, {'Product Code': 'GTW', 'Quantity Sold': 32, 'Total Sales': 575.68}, {'Product Code': 'EB', 'Quantity Sold': 7, 'Total Sales': 139.93}]"
2022-10-09,99,1581.01,4,"[{'Product Code': 'EC', 'Quantity Sold': 2, 'Total Sales': 25.98}, {'Product Code': 'SP', 'Quantity Sold': 42, 'Total Sales': 629.58}, {'Product Code': 'RP', 'Quantity Sold': 32, 'Total Sales': 511.68}, {'Product Code': 'GTW', 'Quantity Sold': 23, 'Total Sales': 413.77}]"
2022-10-08,81,1387.1899999999998,5,"[{'Product Code': 'RP', 'Quantity Sold': 34, 'Total Sales': 543.66}, {'Product Code': 'SP', 'Quantity Sold': 11, 'Total Sales': 164.89}, {'Product Code': 'GTW', 'Quantity Sold': 17, 'Total Sales': 305.83}, {'Product Code': 'EB', 'Quantity Sold': 18, 'Total Sales': 359.82}, {'Product Code': 'EC', 'Quantity Sold': 1, 'Total Sales': 12.99}]"
2022-10-07,168,2807.3199999999997,5,"[{'Product Code': 'RP', 'Quantity Sold': 28, 'Total Sales': 447.72}, {'Product Code': 'GTW', 'Quantity Sold': 27, 'Total Sales': 485.73}, {'Product Code': 'EB', 'Quantity Sold': 44, 'Total Sales': 879.56}, {'Product Code': 'EC', 'Quantity Sold': 20, 'Total Sales': 259.8}, {'Product Code': 'SP', 'Quantity Sold': 49, 'Total Sales': 734.51}]"
2022-10-06,115,1795.8500000000001,4,"[{'Product Code': 'EC', 'Quantity Sold': 45, 'Total Sales': 584.55}, {'Product Code': 'EB', 'Quantity Sold': 15, 'Total Sales': 299.85}, {'Product Code': 'GTW', 'Quantity Sold': 29, 'Total Sales': 521.71}, {'Product Code': 'SP', 'Quantity Sold': 26, 'Total Sales': 389.74}]"
2022-10-05,48,718.52,2,"[{'Product Code': 'GTW', 'Quantity Sold': 19, 'Total Sales': 341.81}, {'Product Code': 'EC', 'Quantity Sold': 29, 'Total Sales': 376.71}]"
2022-10-04,23,298.77,1,"[{'Product Code': 'EC', 'Quantity Sold': 23, 'Total Sales': 298.77}]"
2022-10-03,67,1271.33,2,"[{'Product Code': 'RP', 'Quantity Sold': 17, 'Total Sales': 271.83}, {'Product Code': 'EB', 'Quantity Sold': 50, 'Total Sales': 999.5}]"
2022-10-02,111,1837.89,5,"[{'Product Code': 'EB', 'Quantity Sold': 46, 'Total Sales': 919.54}, {'Product Code': 'SP', 'Quantity Sold': 5, 'Total Sales': 74.95}, {'Product Code': 'EC', 'Quantity Sold': 42, 'Total Sales': 545.58}, {'Product Code': 'RP', 'Quantity Sold': 13, 'Total Sales': 207.87}, {'Product Code': 'GTW', 'Quantity Sold': 5, 'Total Sales': 89.95}]"
2022-10-01,83,1482.17,3,"[{'Product Code': 'EB', 'Quantity Sold': 23, 'Total Sales': 459.77}, {'Product Code': 'SP', 'Quantity Sold': 19, 'Total Sales': 284.81}, {'Product Code': 'GTW', 'Quantity Sold': 41, 'Total Sales': 737.59}]"
2022-09-30,167,2851.33,5,"[{'Product Code': 'SP', 'Quantity Sold': 42, 'Total Sales': 629.58}, {'Product Code': 'GTW', 'Quantity Sold': 28, 'Total Sales': 503.72}, {'Product Code': 'EC', 'Quantity Sold': 3, 'Total Sales': 38.97}, {'Product Code': 'RP', 'Quantity Sold': 50, 'Total Sales': 799.5}, {'Product Code': 'EB', 'Quantity Sold': 44, 'Total Sales': 879.56}]"
2022-09-29,150,2404.5,4,"[{'Product Code': 'EC', 'Quantity Sold': 37, 'Total Sales': 480.63}, {'Product Code': 'SP', 'Quantity Sold': 47, 'Total Sales': 704.53}, {'Product Code': 'RP', 'Quantity Sold': 25, 'Total Sales': 399.75}, {'Product Code': 'EB', 'Quantity Sold': 41, 'Total Sales': 819.59}]"
2022-09-28,115,1870.85,5,"[{'Product Code': 'RP', 'Quantity Sold': 25, 'Total Sales': 399.75}, {'Product Code': 'EC', 'Quantity Sold': 26, 'Total Sales': 337.74}, {'Product Code': 'SP', 'Quantity Sold': 22, 'Total Sales': 329.78}, {'Product Code': 'GTW', 'Quantity Sold': 18, 'Total Sales': 323.82}, {'Product Code': 'EB', 'Quantity Sold': 24, 'Total Sales': 479.76}]"
2022-09-27,21,377.79,1,"[{'Product Code': 'GTW', 'Quantity Sold': 21, 'Total Sales': 377.79}]"
2022-09-26,102,1616.98,4,"[{'Product Code': 'SP', 'Quantity Sold': 49, 'Total Sales': 734.51}, {'Product Code': 'EB', 'Quantity Sold': 17, 'Total Sales': 339.83}, {'Product Code': 'RP', 'Quantity Sold': 25, 'Total Sales': 399.75}, {'Product Code': 'EC', 'Quantity Sold': 11, 'Total Sales': 142.89}]"
2022-09-25,69,1119.31,5,"[{'Product Code': 'EB', 'Quantity Sold': 9, 'Total Sales': 179.91}, {'Product Code': 'RP', 'Quantity Sold': 4, 'Total Sales': 63.96}, {'Product Code': 'SP', 'Quantity Sold': 9, 'Total Sales': 134.91}, {'Product Code': 'GTW', 'Quantity Sold': 26, 'Total Sales': 467.74}, {'Product Code': 'EC', 'Quantity Sold': 21, 'Total Sales': 272.79}]"
2022-09-24,40,719.6,1,"[{'Product Code': 'GTW', 'Quantity Sold': 40, 'Total Sales': 719.6}]"
2022-09-23,9,179.91,1,"[{'Product Code': 'EB', 'Quantity Sold': 9, 'Total Sales': 179.91}]"
2022-09-22,10,159.9,1,"[{'Product Code': 'RP', 'Quantity Sold': 10, 'Total Sales': 159.9}]"
2022-09-21,67,1071.33,4,"[{'Product Code': 'GTW', 'Quantity Sold': 16, 'Total Sales': 287.84}, {'Product Code': 'RP', 'Quantity Sold': 31, 'Total Sales': 495.69}, {'Product Code': 'EB', 'Quantity Sold': 4, 'Total Sales': 79.96}, {'Product Code': 'EC', 'Quantity Sold': 16, 'Total Sales': 207.84}]"
2022-09-20,124,2103.7599999999998,4,"[{'Product Code': 'EB', 'Quantity Sold': 26, 'Total Sales': 519.74}, {'Product Code': 'EC', 'Quantity Sold': 17, 'Total Sales': 220.83}, {'Product Code': 'RP', 'Quantity Sold': 47, 'Total Sales': 751.53}, {'Product Code': 'GTW', 'Quantity Sold': 34, 'Total Sales': 611.66}]"
2022-09-19,8,119.92,1,"[{'Product Code': 'SP', 'Quantity Sold': 8, 'Total Sales': 119.92}]"
2022-09-18,11,142.89,1,"[{'Product Code': 'EC', 'Quantity Sold': 11, 'Total Sales': 142.89}]"
2022-09-17,87,1435.1299999999999,5,"[{'Product Code': 'GTW', 'Quantity Sold': 28, 'Total Sales': 503.72}, {'Product Code': 'RP', 'Quantity Sold': 19, 'Total Sales': 303.81}, {'Product Code': 'SP', 'Quantity Sold': 12, 'Total Sales': 179.88}, {'Product Code': 'EB', 'Quantity Sold': 12, 'Total Sales': 239.88}, {'Product Code': 'EC', 'Quantity Sold': 16, 'Total Sales': 207.84}]"
2022-09-16,57,883.4299999999998,3,"[{'Product Code': 'SP', 'Quantity Sold': 29, 'Total Sales': 434.71}, {'Product Code': 'EC', 'Quantity Sold': 11, 'Total Sales': 142.89}, {'Product Code': 'GTW', 'Quantity Sold': 17, 'Total Sales': 305.83}]"
2022-09-15,25,449.75,1,"[{'Product Code': 'GTW', 'Quantity Sold': 25, 'Total Sales': 449.75}]"
2022-09-14,85,1524.1499999999999,4,"[{'Product Code': 'SP', 'Quantity Sold': 5, 'Total Sales': 74.95}, {'Product Code': 'GTW', 'Quantity Sold': 19, 'Total Sales': 341.81}, {'Product Code': 'EB', 'Quantity Sold': 45, 'Total Sales': 899.55}, {'Product Code': 'EC', 'Quantity Sold': 16, 'Total Sales': 207.84}]"
2022-09-13,55,1073.45,2,"[{'Product Code': 'EB', 'Quantity Sold': 42, 'Total Sales': 839.58}, {'Product Code': 'GTW', 'Quantity Sold': 13, 'Total Sales': 233.87}]"
2022-09-12,95,1550.05,4,"[{'Product Code': 'EC', 'Quantity Sold': 37, 'Total Sales': 480.63}, {'Product Code': 'GTW', 'Quantity Sold': 39, 'Total Sales': 701.61}, {'Product Code': 'RP', 'Quantity Sold': 3, 'Total Sales': 47.97}, {'Product Code': 'EB', 'Quantity Sold': 16, 'Total Sales': 319.84}]"
2022-09-11,92,1481.0800000000002,4,"[{'Product Code': 'EB', 'Quantity Sold': 31, 'Total Sales': 619.69}, {'Product Code': 'SP', 'Quantity Sold': 27, 'Total Sales': 404.73}, {'Product Code': 'GTW', 'Quantity Sold': 3, 'Total Sales': 53.97}, {'Product Code': 'EC', 'Quantity Sold': 31, 'Total Sales': 402.69}]"
2022-09-10,56,962.4399999999999,4,"[{'Product Code': 'GTW', 'Quantity Sold': 13, 'Total Sales': 233.87}, {'Product Code': 'EB', 'Quantity Sold': 17, 'Total Sales': 339.83}, {'Product Code': 'RP', 'Quantity Sold': 17, 'Total Sales': 271.83}, {'Product Code': 'EC', 'Quantity Sold': 9, 'Total Sales': 116.91}]"
2022-09-09,72,1125.28,3,"[{'Product Code': 'RP', 'Quantity Sold': 19, 'Total Sales': 303.81}, {'Product Code': 'EC', 'Quantity Sold': 34, 'Total Sales': 441.66}, {'Product Code': 'EB', 'Quantity Sold': 19, 'Total Sales': 379.81}]"
2022-09-08,36,573.64,4,"[{'Product Code': 'RP', 'Quantity Sold': 3, 'Total Sales': 47.97}, {'Product Code': 'EB', 'Quantity Sold': 1, 'Total Sales': 19.99}, {'Product Code': 'GTW', 'Quantity Sold': 18, 'Total Sales': 323.82}, {'Product Code': 'EC', 'Quantity Sold': 14, 'Total Sales': 181.86}]"
2022-09-07,73,1166.27,2,"[{'Product Code': 'GTW', 'Quantity Sold': 24, 'Total Sales': 431.76}, {'Product Code': 'SP', 'Quantity Sold': 49, 'Total Sales': 734.51}]"
2022-09-06,80,1459.1999999999998,2,"[{'Product Code': 'EB', 'Quantity Sold': 45, 'Total Sales': 899.55}, {'Product Code': 'RP', 'Quantity Sold': 35, 'Total Sales': 559.65}]"
2022-09-05,34,552.66,5,"[{'Product Code': 'SP', 'Quantity Sold': 12, 'Total Sales': 179.88}, {'Product Code': 'EC', 'Quantity Sold': 5, 'Total Sales': 64.95}, {'Product Code': 'GTW', 'Quantity Sold': 12, 'Total Sales': 215.88}, {'Product Code': 'EB', 'Quantity Sold': 3, 'Total Sales': 59.97}, {'Product Code': 'RP', 'Quantity Sold': 2, 'Total Sales': 31.98}]"
2022-09-04,67,1196.33,3,"[{'Product Code': 'GTW', 'Quantity Sold': 12, 'Total Sales': 215.88}, {'Product Code': 'EB', 'Quantity Sold': 38, 'Total Sales': 759.62}, {'Product Code': 'EC', 'Quantity Sold': 17, 'Total Sales': 220.83}]"
2022-09-03,39,506.61,1,"[{'Product Code': 'EC', 'Quantity Sold': 39, 'Total Sales': 506.61}]"
2022-09-02,165,2729.35,5,"[{'Product Code': 'EB', 'Quantity Sold': 43, 'Total Sales': 859.57}, {'Product Code': 'RP', 'Quantity Sold': 9, 'Total Sales': 143.91}, {'Product Code': 'EC', 'Quantity Sold': 50, 'Total Sales': 649.5}, {'Product Code': 'GTW', 'Quantity Sold': 44, 'Total Sales': 791.56}, {'Product Code': 'SP', 'Quantity Sold': 19, 'Total Sales': 284.81}]"
2022-09-01,97,1538.0299999999997,3,"[{'Product Code': 'SP', 'Quantity Sold': 45, 'Total Sales': 674.55}, {'Product Code': 'GTW', 'Quantity Sold': 16, 'Total Sales': 287.84}, {'Product Code': 'RP', 'Quantity Sold': 36, 'Total Sales': 575.64}]"
2022-08-31,114,1915.8600000000001,5,"[{'Product Code': 'RP', 'Quantity Sold': 35, 'Total Sales': 559.65}, {'Product Code': 'SP', 'Quantity Sold': 21, 'Total Sales': 314.79}, {'Product Code': 'EB', 'Quantity Sold': 39, 'Total Sales': 779.61}, {'Product Code': 'GTW', 'Quantity Sold': 3, 'Total Sales': 53.97}, {'Product Code': 'EC', 'Quantity Sold': 16, 'Total Sales': 207.84}]"
2022-08-30,40,684.5999999999999,2,"[{'Product Code': 'EB', 'Quantity Sold': 17, 'Total Sales': 339.83}, {'Product Code': 'SP', 'Quantity Sold': 23, 'Total Sales': 344.77}]"
2022-08-29,44,571.56,1,"[{'Product Code': 'EC', 'Quantity Sold': 44, 'Total Sales': 571.56}]"
2022-08-28,57,887.43,2,"[{'Product Code': 'EC', 'Quantity Sold': 8, 'Total Sales': 103.92}, {'Product Code': 'RP', 'Quantity Sold': 49, 'Total Sales': 783.51}]"
2022-08-27,80,1267.2,4,"[{'Product Code': 'EB', 'Quantity Sold': 25, 'Total Sales': 499.75}, {'Product Code': 'GTW', 'Quantity Sold': 3, 'Total Sales': 53.97}, {'Product Code': 'SP', 'Quantity Sold': 19, 'Total Sales': 284.81}, {'Product Code': 'EC', 'Quantity Sold': 33, 'Total Sales': 428.67}]"
2022-08-26,30,519.7,2,"[{'Product Code': 'EB', 'Quantity Sold': 10, 'Total Sales': 199.9}, {'Product Code': 'RP', 'Quantity Sold': 20, 'Total Sales': 319.8}]"
2022-08-25,135,2161.65,5,"[{'Product Code': 'SP', 'Quantity Sold': 43, 'Total Sales': 644.57}, {'Product Code': 'EB', 'Quantity Sold': 18, 'Total Sales': 359.82}, {'Product Code': 'GTW', 'Quantity Sold': 35, 'Total Sales': 629.65}, {'Product Code': 'RP', 'Quantity Sold': 7, 'Total Sales': 111.93}, {'Product Code': 'EC', 'Quantity Sold': 32, 'Total Sales': 415.68}]"
2022-08-24,26,397.74,2,"[{'Product Code': 'SP', 'Quantity Sold': 18, 'Total Sales': 269.82}, {'Product Code': 'RP', 'Quantity Sold': 8, 'Total Sales': 127.92}]"
2022-08-23,124,2128.7599999999998,5,"[{'Product Code': 'RP', 'Quantity Sold': 32, 'Total Sales': 511.68}, {'Product Code': 'EB', 'Quantity Sold': 49, 'Total Sales': 979.51}, {'Product Code': 'EC', 'Quantity Sold': 11, 'Total Sales': 142.89}, {'Product Code': 'SP', 'Quantity Sold': 27, 'Total Sales': 404.73}, {'Product Code': 'GTW', 'Quantity Sold': 5, 'Total Sales': 89.95}]"
2022-08-22,8,127.92,1,"[{'Product Code': 'RP', 'Quantity Sold': 8, 'Total Sales': 127.92}]"
2022-08-21,103,1734.97,5,"[{'Product Code': 'EB', 'Quantity Sold': 21, 'Total Sales': 419.79}, {'Product Code': 'EC', 'Quantity Sold': 26, 'Total Sales': 337.74}, {'Product Code': 'GTW', 'Quantity Sold': 45, 'Total Sales': 809.55}, {'Product Code': 'SP', 'Quantity Sold': 8, 'Total Sales': 119.92}, {'Product Code': 'RP', 'Quantity Sold': 3, 'Total Sales': 47.97}]"
2022-08-20,78,1208.22,2,"[{'Product Code': 'GTW', 'Quantity Sold': 39, 'Total Sales': 701.61}, {'Product Code': 'EC', 'Quantity Sold': 39, 'Total Sales': 506.61}]"
2022-08-19,13,207.87,1,"[{'Product Code': 'RP', 'Quantity Sold': 13, 'Total Sales': 207.87}]"
2022-08-18,134,2324.6600000000003,5,"[{'Product Code': 'EC', 'Quantity Sold': 9, 'Total Sales': 116.91}, {'Product Code': 'SP', 'Quantity Sold': 31, 'Total Sales': 464.69}, {'Product Code': 'GTW', 'Quantity Sold': 36, 'Total Sales': 647.64}, {'Product Code': 'EB', 'Quantity Sold': 42, 'Total Sales': 839.58}, {'Product Code': 'RP', 'Quantity Sold': 16, 'Total Sales': 255.84}]"
2022-08-17,43,631.5699999999999,4,"[{'Product Code': 'RP', 'Quantity Sold': 2, 'Total Sales': 31.98}, {'Product Code': 'EB', 'Quantity Sold': 3, 'Total Sales': 59.97}, {'Product Code': 'EC', 'Quantity Sold': 15, 'Total Sales': 194.85}, {'Product Code': 'SP', 'Quantity Sold': 23, 'Total Sales': 344.77}]"
2022-08-16,51,740.49,2,"[{'Product Code': 'EC', 'Quantity Sold': 12, 'Total Sales': 155.88}, {'Product Code': 'SP', 'Quantity Sold': 39, 'Total Sales': 584.61}]"
2022-08-15,40,639.6,1,"[{'Product Code': 'RP', 'Quantity Sold': 40, 'Total Sales': 639.6}]"
2022-08-14,30,479.7,1,"[{'Product Code': 'RP', 'Quantity Sold': 30, 'Total Sales': 479.7}]"
2022-08-13,87,1475.13,2,"[{'Product Code': 'RP', 'Quantity Sold': 45, 'Total Sales': 719.55}, {'Product Code': 'GTW', 'Quantity Sold': 42, 'Total Sales': 755.58}]"
2022-08-12,111,1781.89,3,"[{'Product Code': 'GTW', 'Quantity Sold': 50, 'Total Sales': 899.5}, {'Product Code': 'RP', 'Quantity Sold': 30, 'Total Sales': 479.7}, {'Product Code': 'EC', 'Quantity Sold': 31, 'Total Sales': 402.69}]"
2022-08-11,77,1136.23,4,"[{'Product Code': 'EC', 'Quantity Sold': 35, 'Total Sales': 454.65}, {'Product Code': 'RP', 'Quantity Sold': 7, 'Total Sales': 111.93}, {'Product Code': 'SP', 'Quantity Sold': 20, 'Total Sales': 299.8}, {'Product Code': 'GTW', 'Quantity Sold': 15, 'Total Sales': 269.85}]"
2022-08-10,102,1603.98,4,"[{'Product Code': 'EB', 'Quantity Sold': 25, 'Total Sales': 499.75}, {'Product Code': 'EC', 'Quantity Sold': 49, 'Total Sales': 636.51}, {'Product Code': 'GTW', 'Quantity Sold': 16, 'Total Sales': 287.84}, {'Product Code': 'SP', 'Quantity Sold': 12, 'Total Sales': 179.88}]"
2022-08-09,9,134.91,1,"[{'Product Code': 'SP', 'Quantity Sold': 9, 'Total Sales': 134.91}]"
2022-08-08,83,1336.17,3,"[{'Product Code': 'RP', 'Quantity Sold': 2, 'Total Sales': 31.98}, {'Product Code': 'EC', 'Quantity Sold': 45, 'Total Sales': 584.55}, {'Product Code': 'EB', 'Quantity Sold': 36, 'Total Sales': 719.64}]"
2022-08-07,8,119.92,1,"[{'Product Code': 'SP', 'Quantity Sold': 8, 'Total Sales': 119.92}]"
2022-08-06,31,550.69,3,"[{'Product Code': 'EB', 'Quantity Sold': 15, 'Total Sales': 299.85}, {'Product Code': 'RP', 'Quantity Sold': 11, 'Total Sales': 175.89}, {'Product Code': 'SP', 'Quantity Sold': 5, 'Total Sales': 74.95}]"
2022-08-05,63,898.37,2,"[{'Product Code': 'SP', 'Quantity Sold': 40, 'Total Sales': 599.6}, {'Product Code': 'EC', 'Quantity Sold': 23, 'Total Sales': 298.77}]"
2022-08-04,23,344.77,1,"[{'Product Code': 'SP', 'Quantity Sold': 23, 'Total Sales': 344.77}]"
2022-08-03,121,1970.79,4,"[{'Product Code': 'RP', 'Quantity Sold': 35, 'Total Sales': 559.65}, {'Product Code': 'SP', 'Quantity Sold': 32, 'Total Sales': 479.68}, {'Product Code': 'EC', 'Quantity Sold': 8, 'Total Sales': 103.92}, {'Product Code': 'GTW', 'Quantity Sold': 46, 'Total Sales': 827.54}]"
2022-08-02,6,107.94,1,"[{'Product Code': 'GTW', 'Quantity Sold': 6, 'Total Sales': 107.94}]"
2022-08-01,92,1432.08,3,"[{'Product Code': 'EB', 'Quantity Sold': 1, 'Total Sales': 19.99}, {'Product Code': 'RP', 'Quantity Sold': 48, 'Total Sales': 767.52}, {'Product Code': 'SP', 'Quantity Sold': 43, 'Total Sales': 644.57}]"
2022-07-31,30,449.7,2,"[{'Product Code': 'EC', 'Quantity Sold': 18, 'Total Sales': 233.82}, {'Product Code': 'GTW', 'Quantity Sold': 12, 'Total Sales': 215.88}]"
2022-07-30,7,96.93,2,"[{'Product Code': 'RP', 'Quantity Sold': 2, 'Total Sales': 31.98}, {'Product Code': 'EC', 'Quantity Sold': 5, 'Total Sales': 64.95}]"
2022-07-29,158,2606.42,5,"[{'Product Code': 'EC', 'Quantity Sold': 35, 'Total Sales': 454.65}, {'Product Code': 'GTW', 'Quantity Sold': 25, 'Total Sales': 449.75}, {'Product Code': 'RP', 'Quantity Sold': 28, 'Total Sales': 447.72}, {'Product Code': 'SP', 'Quantity Sold': 29, 'Total Sales': 434.71}, {'Product Code': 'EB', 'Quantity Sold': 41, 'Total Sales': 819.59}]"
2022-07-28,39,518.61,2,"[{'Product Code': 'SP', 'Quantity Sold': 6, 'Total Sales': 89.94}, {'Product Code': 'EC', 'Quantity Sold': 33, 'Total Sales': 428.67}]"
2022-07-27,56,965.44,2,"[{'Product Code': 'RP', 'Quantity Sold': 21, 'Total Sales': 335.79}, {'Product Code': 'GTW', 'Quantity Sold': 35, 'Total Sales': 629.65}]"
2022-07-26,17,247.82999999999998,2,"[{'Product Code': 'RP', 'Quantity Sold': 9, 'Total Sales': 143.91}, {'Product Code': 'EC', 'Quantity Sold': 8, 'Total Sales': 103.92}]"
2022-07-25,75,1162.25,5,"[{'Product Code': 'SP', 'Quantity Sold': 29, 'Total Sales': 434.71}, {'Product Code': 'RP', 'Quantity Sold': 24, 'Total Sales': 383.76}, {'Product Code': 'EC', 'Quantity Sold': 12, 'Total Sales': 155.88}, {'Product Code': 'GTW', 'Quantity Sold': 6, 'Total Sales': 107.94}, {'Product Code': 'EB', 'Quantity Sold': 4, 'Total Sales': 79.96}]"
2022-07-24,38,699.62,2,"[{'Product Code': 'EB', 'Quantity Sold': 23, 'Total Sales': 459.77}, {'Product Code': 'RP', 'Quantity Sold': 15, 'Total Sales': 239.85}]"
2022-07-23,131,2085.69,5,"[{'Product Code': 'SP', 'Quantity Sold': 5, 'Total Sales': 74.95}, {'Product Code': 'GTW', 'Quantity Sold': 34, 'Total Sales': 611.66}, {'Product Code': 'EB', 'Quantity Sold': 9, 'Total Sales': 179.91}, {'Product Code': 'RP', 'Quantity Sold': 47, 'Total Sales': 751.53}, {'Product Code': 'EC', 'Quantity Sold': 36, 'Total Sales': 467.64}]"
2022-07-22,137,2221.63,5,"[{'Product Code': 'RP', 'Quantity Sold': 7, 'Total Sales': 111.93}, {'Product Code': 'SP', 'Quantity Sold': 42, 'Total Sales': 629.58}, {'Product Code': 'EC', 'Quantity Sold': 33, 'Total Sales': 428.67}, {'Product Code': 'GTW', 'Quantity Sold': 24, 'Total Sales': 431.76}, {'Product Code': 'EB', 'Quantity Sold': 31, 'Total Sales': 619.69}]"
2022-07-21,34,657.6600000000001,3,"[{'Product Code': 'GTW', 'Quantity Sold': 6, 'Total Sales': 107.94}, {'Product Code': 'EB', 'Quantity Sold': 26, 'Total Sales': 519.74}, {'Product Code': 'SP', 'Quantity Sold': 2, 'Total Sales': 29.98}]"
2022-07-20,122,2166.7799999999997,3,"[{'Product Code': 'EB', 'Quantity Sold': 46, 'Total Sales': 919.54}, {'Product Code': 'GTW', 'Quantity Sold': 36, 'Total Sales': 647.64}, {'Product Code': 'SP', 'Quantity Sold': 40, 'Total Sales': 599.6}]"
2022-07-19,95,1654.05,2,"[{'Product Code': 'EB', 'Quantity Sold': 46, 'Total Sales': 919.54}, {'Product Code': 'SP', 'Quantity Sold': 49, 'Total Sales': 734.51}]"
